,Pays,TIME_PERIOD,Abonnements au téléphone cellulaire mobile utilisant des cartes prépayés,Total des abonnements au téléphone cellulaire mobile,Total des recettes des télécommunications USD,Investissements totaux dans les télécommunications (pour lignes fixes et réseau mobile cellulaire) USD,Total des lignes d'accès téléphoniques,Total des voies d'accès de communication,Recettes_prédites
0,Allemagne,2005,40200000.0,79200000.0,84125000000.0,-0.11001300981240958,0.2289906794357112,0.01995264013506892,53578441840.390915
1,Allemagne,2006,39947000.0,85652000.0,82875000000.0,-0.0848407599409455,0.2184679206705871,0.046968250989966334,59249188626.15046
2,Allemagne,2007,53433050.0,97151000.0,87534246575.0,-0.03878194658283839,0.19901419931230546,0.08666585193599052,69431612006.54965
3,Allemagne,2008,60680000.0,107245000.0,91617647059.0,-0.013977703583485749,0.16186759306915652,0.1149725605143411,74875249843.2619
4,Allemagne,2009,60483000.0,108255000.0,83888888889.0,-0.07485177190310668,0.13420133039887042,0.11900933859559489,62179820263.73518
5,Allemagne,2010,60249000.0,108846000.0,78933333333.0,-0.09227256703626452,0.10795782359910308,0.11877263734629513,58397694282.53888
6,Allemagne,2011,63786000.0,114125000.0,80277777778.0,-0.0668605814613283,0.07819264385250707,0.13022509639912108,63683054865.43095
7,Allemagne,2012,60256490.0,113158000.0,74358974359.0,-0.08253560885750334,0.04987839336000448,0.12407086391732765,60131424682.893456
8,Allemagne,2013,59412000.0,115225000.0,76000000000.0,-0.06542216718295893,0.009872188684030668,0.12385585689916727,63401882022.73224
9,Allemagne,2014,55707000.0,112629000.0,75733333333.0,-0.027064453102698328,-0.04069903483242919,0.1096804619207633,70720911853.18303
10,Allemagne,2015,54491000.0,113825000.0,63777777778.0,-0.06286498624043911,-0.09225632677400107,0.10608219963253755,62902741227.406
11,Allemagne,2016,54349000.0,129870000.0,63222222222.0,-0.053275557727566036,-0.1370520066576619,0.1440429601628738,65339192614.24795
12,Allemagne,2017,54720000.0,135043000.0,63707865169.0,-0.043829791042123104,-0.1931170399711745,0.1509671172537531,67058160495.69599
13,Allemagne,2018,52954380.0,136958000.0,67764705882.0,-0.01059319939401046,-0.255802818424725,0.14659507059679022,73431225829.63654
14,Australie,2005,8504000.0,18420000.0,26613740458.0,-0.23632284678645937,-0.17776254592300145,-0.24415831609616873,19537995803.72696
15,Australie,2007,10150000.0,21260000.0,30833333333.0,-0.2013575906649629,-0.18283375496643475,-0.23190993995744696,26978863462.16487
16,Australie,2008,9990000.0,22120000.0,30805042017.0,-0.21414431599290776,-0.18846843168136063,-0.22929580540543215,24348220708.34072
17,Australie,2009,10580000.0,24220000.0,29243750000.0,-0.23062537309903672,-0.19325790688904765,-0.22485139772847176,20995163482.326782
18,Australie,2010,10970000.0,22540000.0,37210091743.0,-0.21710319037674355,-0.19832911593248093,-0.2295637690838847,23665519507.571228
19,Australie,2011,11435000.0,24415000.0,43508247423.0,-0.18717444527582278,-0.17255046996169499,-0.21922145377714558,30231441523.629288
20,Australie,2012,11810000.0,24640000.0,43289690722.0,-0.16294223621759318,-0.18043901736259124,-0.21944881689825685,35187076286.560524
21,Australie,2013,11845000.0,25000000.0,39787019231.0,-0.14035716121825462,-0.18924319972966294,-0.21944340349061134,39800530526.44375
22,Australie,2014,11485000.0,25415000.0,37022972973.0,-0.13534252632123148,-0.19572307795182772,-0.21852312419087533,40813027971.649414
23,Australie,2015,9255000.0,26160000.0,31518421053.0,-0.14458277706381154,-0.20072385353632444,-0.21685308793223673,38901525010.84469
24,Australie,2016,9300000.0,27005000.0,32071481481.0,-0.10865555161847996,-0.20100558737207075,-0.21296626124276347,46407960268.44034
25,Australie,2017,9320000.0,27870000.0,34269230769.0,-0.06185279747259847,-0.2037524922705971,-0.20966949598665036,56135995593.40494
26,Autriche,2005,3774105.0,8369251.0,7731356140.0,-0.2912891692439102,-0.27798920303613606,-0.2949605646537951,6500347441.864876
27,Autriche,2006,3880328.0,9254265.0,7556871945.0,-0.29162609324927063,-0.279794440762064,-0.2923649223022973,6469959375.615608
28,Autriche,2007,3695274.0,9855352.0,7830136986.0,-0.2839823202751597,-0.2816902418294926,-0.2905224717168532,8074896037.46096
29,Autriche,2008,3552199.0,10605967.0,7890430321.0,-0.29704010447481705,-0.2825728435034268,-0.2881976567364524,5413971576.684128
30,Autriche,2009,3641692.0,11434330.0,7058393786.0,-0.2984172553657295,-0.2828185576682729,-0.2859366495919693,5172141242.450363
31,Autriche,2010,3896666.0,12241085.0,6336320681.0,-0.2918554779222176,-0.281186980678699,-0.28304603877797935,6597354946.855789
32,Autriche,2011,4167626.0,13022578.0,6286337831.0,-0.29812163945393244,-0.2813085488288235,-0.2806488736043964,5347747928.179138
33,Autriche,2012,4243025.0,13588363.0,5707720823.0,-0.29804066806476476,-0.2822776709637154,-0.2791048993695987,5388570436.946701
34,Autriche,2013,4061464.0,13272022.0,5546569014.0,-0.2988672151433756,-0.28315968099659455,-0.2798457242058862,5197119344.527649
35,Autriche,2014,3886237.0,12952605.0,5247704267.0,-0.2974326366268258,-0.2845649271092217,-0.2806446376129138,5468764882.986465
36,Autriche,2015,4514876.0,13470623.0,4374129111.0,-0.29743839028393926,-0.28502063158854135,-0.27905481993547016,5495957356.198914
37,Autriche,2016,5192019.0,14263780.0,4566473676.0,-0.29938949980058416,-0.28505096023595944,-0.276731645217586,5138059778.023941
38,Autriche,2017,5648791.0,14936336.0,4675671761.0,-0.2981041408853215,-0.2858181214706966,-0.275091393527813,5431249743.483948
39,Autriche,2018,7228749.0,16530441.0,4778331993.0,-0.2956941031643098,-0.28636203681398836,-0.2708533124698534,6009873425.197548
40,Belgique,2005,6042295.0,9604695.0,11413135132.0,-0.28037548858963823,-0.2624549064539897,-0.28668006745051894,9024377047.337082
41,Belgique,2006,5942162.0,9847375.0,10249132698.0,-0.28215122430723316,-0.2633390294906369,-0.2849673166988535,8685037994.785805
42,Belgique,2007,6146996.0,10738121.0,11056698138.0,-0.2794569300621269,-0.2641353079172985,-0.28173440529262295,9300932064.023712
43,Belgique,2008,6653649.0,11822190.0,11636902315.0,-0.2730080241239901,-0.2668272183710872,-0.278649764415099,10677970558.062492
44,Belgique,2009,6739177.0,11598724.0,10902752171.0,-0.2753493025930575,-0.2672874587651623,-0.2788790411758129,10186098576.623192
45,Belgique,2010,6709887.0,12237680.0,10541170598.0,-0.2755865375845384,-0.26710752945096294,-0.27646739243007445,10185856421.995361
46,Belgique,2011,6045206.0,12495934.0,10753957503.0,-0.2679165354712808,-0.26695970370734684,-0.2752781642116944,11796862769.80223
47,Belgique,2012,5412083.0,12313375.0,9685140362.0,-0.2723245621549886,-0.2662670610721646,-0.27523793988618445,10890450956.696983
48,Belgique,2013,4984796.77064239,12314015.0,9730227813.0,-0.24681437787843838,-0.26624167685356387,-0.27486075800178,16174837255.271332
49,Belgique,2014,5037310.0,12734724.0,9385408479.0,-0.2619872878760265,-0.2662496921811908,-0.2732301773647657,13068484699.304169
50,Belgique,2015,4746857.0,12774090.0,7978604112.0,-0.273892306965345,-0.2664741495281299,-0.27286942787926916,10611575956.449142
51,Belgique,2016,4209724.0,12550821.0,8049617313.0,-0.2681800177546966,-0.2674181973516404,-0.27325114349257673,11779361750.106949
52,Belgique,2017,3063726.0,11961089.0,8114711785.0,-0.2643673865285531,-0.26918566865688653,-0.2748928649225255,12523857099.356926
53,Belgique,2018,2848620.0,11916735.0,8547517657.0,-0.2598733112847993,-0.2729944565557243,-0.27540919303705,13418006618.830574
54,Canada,2005,3820396.0,17016600.0,28515702479.0,-0.1870335561645239,-0.05092597307001968,-0.20798551749662078,31288776895.515297
55,Canada,2006,4203012.0,18749100.0,31916814159.0,-0.1431219968818278,-0.04960182404201209,-0.20082619115080536,40522053945.18939
56,Canada,2007,4462772.0,20277400.0,35541121495.0,-0.09900309118779475,-0.04905244306230682,-0.19490380409165367,49768651419.6396
57,Canada,2008,4817000.0,22092500.0,37639065421.0,0.004051898149065656,-0.04895383621979561,-0.18997191905621547,71183591941.90422
58,Canada,2009,5028000.0,23811900.0,35980438596.0,-0.1167003744298222,-0.0567860368535426,-0.1860050551347034,46232487974.13431
59,Canada,2010,5416058.0,25825400.0,40440776699.0,-0.08396793573787836,-0.06120925807475942,-0.17997830028285017,53092899127.48031
60,Canada,2011,5805926.0,26844273.0,43143939394.0,-0.04955602179548179,-0.06392798958971116,-0.17649680249083416,60261731729.10013
61,Canada,2012,5278825.0,27720609.0,43942000000.0,-0.04033622216819701,-0.07052667497041015,-0.17429277416852373,62168635359.39706
62,Canada,2013,4698557.0,28363793.0,43516504854.0,-0.0699706388244047,-0.08196392767967493,-0.17365427627025543,55975567039.54051
63,Canada,2014,4171691.0,28788935.0,41759887944.0,-0.07489029183196942,-0.08925586142330304,-0.17260383429038706,54930350453.7065
64,Canada,2015,4188955.0,29765396.0,37344910427.0,-0.08346007003307909,-0.10039461713359463,-0.17062792425955445,53122887508.13927
65,Canada,2016,4125748.0,30751965.0,36644738373.0,-0.06853424845246156,-0.10683605277387181,-0.1684559757909513,56210487384.14018
66,Canada,2017,3941143.0,31692514.0,38708467173.0,-0.051677173542348936,-0.11649952333996971,-0.1663126507152738,59675641643.49243
67,Canada,2018,3799594.0,33211401.0,40846759316.0,-0.045005404586530115,-0.12533187909061605,-0.1628255987670135,61066022917.25844
68,Corée,2005,662065.0,38342323.0,39897760028.0,-0.16901395106598774,0.002549236045086896,-0.12574493110475685,36995098974.22163
69,Corée,2006,538332.0,40197115.0,44898644728.0,-0.13875832088310155,0.005352755357906485,-0.11963855585325352,43392662539.16275
70,Corée,2007,871624.0,43497541.0,48869857736.0,-0.11730786266499306,0.005508878162985294,-0.10878850080321947,48045032856.0137
71,Corée,2008,909182.0,45606984.0,44193482147.0,-0.13894346859209986,-0.008556908973717053,-0.10371110337027008,43576770619.68605
72,Corée,2009,980026.0,47944222.0,39926938830.0,-0.1718252398871566,-0.03731852462400119,-0.10062582100394012,36645476399.60625
73,Corée,2010,1001147.0,50767241.0,45282105600.0,-0.17697132761012965,-0.04882023803488472,-0.09304961896215959,35654417817.649414
74,Corée,2011,1017365.0,52506793.0,44060309125.0,-0.14522683301198655,-0.057849567996793076,-0.08844131495532387,42251920827.226265
75,Corée,2012,1582461.0,53624427.0,43943824514.0,-0.11517707374383884,-0.06307968901027908,-0.08539529332794293,48493194187.80503
76,Corée,2013,2052119.0,54680840.0,46566561629.0,-0.14033453579593616,-0.07210597624676136,-0.08308999638880805,43275087877.78171
77,Corée,2014,2979272.0,57290356.0,49816897128.0,-0.13392355986419824,-0.08170105592423185,-0.07662153995352741,44665359489.49211
78,Corée,2015,3102518.0,58935081.0,47423176208.0,-0.17108190809521936,-0.09012234792183256,-0.07155353207613915,37023458501.09216
79,Corée,2016,3238327.0,61295538.0,48001516679.0,-0.17606177608761003,-0.09851136730854852,-0.06533841770526054,36060531060.96143
80,Corée,2017,3528974.0,63658688.0,50699786805.0,-0.17722549434869095,-0.1084769128933336,-0.05912398542374525,35876507809.15003
81,Corée,2018,3929316.0,66355778.0,52580039982.0,-0.17100086026871694,-0.11839619778228913,-0.05292700326177526,37220723150.6753
82,Danemark,2005,997781.0,5449206.0,6676920336.0,-0.28562421433467605,-0.2809172627910473,-0.3029701938854169,7494516823.337379
83,Danemark,2006,1023234.0,5828157.0,6811294430.0,-0.28301194120470957,-0.28348571747801193,-0.30141508156438857,8048555718.7416
84,Danemark,2007,1060779.0,6307606.0,8145954207.0,-0.27023755321356685,-0.28715825889388275,-0.30023429826193554,10689909404.339508
85,Danemark,2008,1077668.0,6556988.0,8124488683.0,-0.2642810751989867,-0.2912871950369708,-0.30024339820018764,11894453085.838402
86,Danemark,2009,1147966.0,6833683.0,7574983175.0,-0.2738585548907542,-0.29666831129972504,-0.30043353873032835,9873929361.60804
87,Danemark,2010,1012949.0,6980704.0,7224291222.0,-0.2808304633411293,-0.3015566187369918,-0.3007326944636343,8393480087.966919
88,Danemark,2011,974086.0,7173185.0,7348977093.0,-0.28281085077352036,-0.3031362017471788,-0.30042721587019844,7979401042.979301
89,Danemark,2012,1089748.0,7292756.0,6885134402.0,-0.2860448231251306,-0.3054955113211772,-0.3004622703914069,7294123317.572533
90,Danemark,2013,867767.0,7031152.0,6642360857.0,-0.2870969725663435,-0.30758955440212865,-0.30131777014855293,7045706757.011688
91,Danemark,2014,930744.0,7160233.0,7140226197.0,-0.2864991776611531,-0.30977513280631414,-0.30120060506017743,7157186425.133987
92,Danemark,2015,807317.0,7079249.0,5840651102.0,-0.2898939753733507,-0.31172443512915093,-0.30162328392913856,6433703306.752228
93,Danemark,2016,655064.0,6985035.0,5698931831.0,-0.2903036235908455,-0.3129088160012448,-0.3020343185582542,6332997402.228889
94,Danemark,2017,517189.0,7140859.00299,5742118958.0,-0.28681106088770714,-0.3139725302714885,-0.3016766980142837,7055444739.1634445
95,Danemark,2018,479031.0,7216215.0,6065548549.0,-0.2865820179244561,-0.3147951789896836,-0.3015681104792817,7099513718.11824
96,Espagne,2005,20713500.0,42693832.0,51089724575.0,-0.12026824309734661,-0.04618112450191488,-0.14719352616550327,46331416054.20587
97,Espagne,2006,20880959.0,45695061.0,52850385327.0,-0.1141274720507641,-0.04048721324802334,-0.13347035643498958,47910448369.273026
98,Espagne,2007,20764615.0,48422470.0,60567345110.0,-0.09176862253509294,-0.03587427246181496,-0.12184667129833628,52795544657.336395
99,Espagne,2008,20313019.0,49623339.0,64937852941.0,-0.09978715349242598,-0.030471110526413586,-0.11415160165147573,51324733389.605354
100,Espagne,2009,20865463.0,51052693.0,57261000263.0,-0.14770545728892434,-0.035144483220389544,-0.10931554475817828,41477404811.85445
101,Espagne,2010,19968892.0,51389417.0,53067766465.0,-0.1469729688104149,-0.03603036709351019,-0.10603215061894956,41687903620.48488
102,Espagne,2011,20369871.0,52590507.0,52709584566.0,-0.08206621863456559,-0.040149118558435996,-0.10194781845823384,55167203302.71242
103,Espagne,2012,17814804.0,50665099.0,45217820513.0,-0.16900311701594792,-0.04457814349666919,-0.10780792967583164,37039239492.4251
104,Espagne,2013,15749219.0,50158689.0,43715866667.0,-0.16899298171879626,-0.04725998196582996,-0.10774763784817981,37024748968.19913
105,Espagne,2014,14606340.0,50806251.0,43715866667.0,-0.1241585676240539,-0.04733314824297327,-0.10423701321632715,46367582823.41049
106,Espagne,2015,13449515.0,51067569.0,34245166667.0,-0.13933524471356393,-0.04423093471749546,-0.10101496381253731,43312504893.172935
107,Espagne,2016,12571076.0,51521507.0,36687422222.0,-0.1626874210418752,-0.0437880350410105,-0.09802157945439746,38544184018.39595
108,Espagne,2017,11680137.0,52506928.0,38502438202.0,-0.1673065051019167,-0.04440073570029975,-0.0946317820811925,37651625694.79446
109,Espagne,2018,11373906.0,54161014.0,40607600000.0,-0.13784108011567894,-0.045849678730851155,-0.08912656033531495,43845671604.726395
110,Estonie,2005,562000.0,1445300.0,11901800000.0,-0.31640160714546084,-0.31487465610023996,-0.32385355610696925,490619389.14489746
111,Estonie,2006,719000.0,1658700.0,13808275000.0,-0.31574828956419854,-0.3150242567670212,-0.32284620755866295,644664106.5019989
112,Estonie,2007,700000.0,1882776.0,15872191781.0,-0.31485188114939155,-0.31471005310670513,-0.3220892453541842,847120741.5950165
113,Estonie,2008,636531.0,1897365.0,16636098529.0,-0.31431344399165384,-0.31491993072764435,-0.32201164956899353,958637630.8063965
114,Estonie,2009,525166.0,1565409.0,15558452778.0,-0.3159651565807295,-0.3150734334080507,-0.32278347969757065,600718346.9307098
115,Estonie,2010,624009.0,1860038.0,14530746667.0,-0.31595918989446137,-0.31502155212219807,-0.32195157427764753,618729006.1227264
116,Estonie,2011,624893.0,1862674.0,1027761997.0,-0.31512740974963266,-0.31504254129296116,-0.32190610977353673,791541189.5077515
117,Estonie,2012,649214.0,2070547.0,936984615.0,-0.31421188670777295,-0.3157043340731292,-0.3215085870099043,984381815.730133
118,Estonie,2013,502845.0,2055234.0,863474667.0,-0.3150908665472078,-0.31607158821471626,-0.3215900127810042,798522392.6960449
119,Estonie,2014,428587.0,2062864.0,799835591.0,-0.31519748641644624,-0.31631007590667554,-0.32158757404085986,774935365.4622498
120,Estonie,2015,397576.0,1903545.0,684397580.0,-0.3156838762796183,-0.31650892364794525,-0.32202149926420454,664436450.4947815
121,Estonie,2016,358215.0,1897921.0,651318727.0,-0.31559757142291617,-0.31746704407655124,-0.3221870791638576,672666489.144104
122,Estonie,2017,337549.0,1904425.0,673229429.0,-0.3159810049141754,-0.3177436362697952,-0.322185560703013,591549942.9351959
123,Estonie,2018,337663.0,1924034.0,732233240.0,-0.3158585543176818,-0.3180511769248958,-0.3221608484971113,615328227.8293915
124,Finlande,2011,910000.0,8940000.0,5256944444.0,-0.2946095088794023,-0.3051484997556885,-0.2973991802897197,5585327986.117645
125,Finlande,2012,930000.0,9190000.0,4679487179.0,-0.2975601022547009,-0.307768624428129,-0.2970933227577486,4963672095.913757
126,Finlande,2013,790000.0,9200000.0,4660000000.0,-0.29691097172479325,-0.30969850120299114,-0.29734775291708737,5080125481.229446
127,Finlande,2014,770000.0,9280000.0,4586666667.0,-0.2955684517220591,-0.3112902973749577,-0.2973342193979736,5347540294.2274475
128,Finlande,2015,750000.0,9330000.0,3766666667.0,-0.2968470421789349,-0.3126567064783272,-0.2975426355923256,5069889796.109955
129,Finlande,2016,730000.0,9340000.0,3866666667.0,-0.2997238707356736,-0.31388224866382364,-0.29779435904784163,4461722990.817078
130,Finlande,2017,710000.0,9390000.0,3908988764.0,-0.29893013903627547,-0.31499509731502146,-0.29787826686634694,4616871446.815155
131,Finlande,2018,690000.0,9380000.0,4091764706.0,-0.291168596295879,-0.3157698653633238,-0.29798112161161155,6215174671.112434
132,France,2005,17561000.0,48088000.0,62156250000.0,-0.090527330131687,0.14603537704240027,-0.08355689197141765,55014520350.14194
133,France,2006,18102000.0,51662000.0,62275000000.0,-0.06631025097650786,0.12478705341049011,-0.06916178572360936,60167299317.98223
134,France,2007,19028000.0,55337000.0,70569863014.0,-0.07661421253013635,0.08449769214289948,-0.05929155745741189,57963817309.109375
135,France,2008,18736000.0,57994000.0,78985294118.0,-0.042371049956220375,0.05080298746215667,-0.05268707291481497,64954091647.24204
136,France,2009,18805000.0,61540000.0,73612500000.0,-0.08286665458153722,0.017691161914189363,-0.0439432692181982,56530814707.64909
137,France,2010,18626000.0,65030000.0,71377333333.0,-0.07257486152364288,-0.015354836523055818,-0.03685685335325629,58580581242.10436
138,France,2011,19560000.0,68570000.0,72633333333.0,-0.027135635651177426,-0.04546085786413769,-0.028991702558285412,67935446343.49994
139,France,2012,18244000.0,73114000.0,64293589744.0,-0.04584962698609844,-0.07557841620579338,-0.019096033982857887,64060285831.3743
140,France,2013,15665000.0,76800000.0,62929333333.0,-0.04044229984155735,-0.10075468706237017,-0.011366332060585215,65164578558.91279
141,France,2014,14517000.0,79932000.0,61737333333.0,-0.04847300821279308,-0.1223504166871391,-0.0042478607022704415,63500882914.19954
142,France,2015,12566000.0,82666000.0,51085555556.0,-0.06827416471046133,-0.1416178133731499,0.0018671976550962868,59398090792.55402
143,France,2016,11378000.0,84702000.0,50500000000.0,-0.03431519810339875,-0.15856201876290502,0.006320126035690693,66398119190.196556
144,France,2017,10261000.0,89488000.0,50611235955.0,-0.009683707709524843,-0.17431805396047545,0.01916748219686856,71642454818.30594
145,France,2018,9092013.0,93867215.0,52023529412.0,0.012545949477003151,-0.19250755107761275,0.028440543932171155,76303238491.61543
146,Grèce,2005,8338521.0,12448473.0,9798750000.0,-0.2926556628083611,-0.24257988031773306,-0.2798902819642164,6750099417.460472
147,Grèce,2006,9599333.0,13874674.0,10623750000.0,-0.2896349928237854,-0.24432448892220843,-0.2754110281822419,7451836492.854744
148,Grèce,2007,11471385.0,16226675.0,11797260274.0,-0.26754892974414335,-0.24563970698762283,-0.26774112546752526,12163110606.190758
149,Grèce,2008,13810782.0,18918092.0,12276470588.0,-0.2605811397039935,-0.24689461992549577,-0.25955380383664356,13757798530.578072
150,Grèce,2009,15715011.0,20298102.0,11002777778.0,-0.26476241260323774,-0.24764342620083407,-0.25485261387472247,12980802745.400581
151,Grèce,2010,10305890.0,14815705.0,9460000000.0,-0.27754032609024015,-0.24919332855142515,-0.26908013184864116,10046389521.358566
152,Grèce,2011,10182066.0,14557672.0,9195833333.0,-0.2809445732348932,-0.25230068371940534,-0.26980280011568564,9307349389.63263
153,Grèce,2012,10769863.0,15151447.0,7901282051.0,-0.2916957978846153,-0.2563011069733177,-0.2683548895062613,7085546033.054611
154,Grèce,2013,11443633.0,15722476.0,7277333333.0,-0.28854899004361656,-0.2581939780088545,-0.266567355234677,7759222596.465515
155,Grèce,2014,11257104.0,15473683.0,6478026667.0,-0.2832172677947168,-0.25887421026857216,-0.26671403963494345,8854679704.504585
156,Grèce,2015,11141878.0,15353553.0,4877094444.0,-0.29723061933901224,-0.26010799316876415,-0.2665103655856889,5951870026.891197
157,Grèce,2016,11715272.0,15934294.0,4894097121.0,-0.29005693496673945,-0.2672632437419799,-0.2658324228926116,7401701770.162453
158,Grèce,2017,11906133.0,16167273.0,4960673638.0,-0.3020367331580621,-0.2746607854139375,-0.2661395255083412,4868582535.672394
159,Grèce,2018,11017923.0,15354388.0,5009066595.0,-0.3012090774935669,-0.2792181964611203,-0.2687575008730805,4957858952.300583
160,Hongrie,2005,6337715.0,9320169.0,5099473895.0,-0.30021704082346135,-0.27805094500623984,-0.2938661143764726,4674831374.411163
161,Hongrie,2006,6442402.0,9965720.0,5008818832.0,-0.3003024078628223,-0.2721592284262708,-0.2901046703281807,4770528885.6311035
162,Hongrie,2007,6886586.0,11029930.0,5778946305.0,-0.2993400947579747,-0.273853181287079,-0.2863851558288071,5031824727.093124
163,Hongrie,2008,7483601.0,12224163.0,5819676230.0,-0.29812164299243155,-0.2760625802870768,-0.28270546506277766,5341899176.912659
164,Hongrie,2009,6681278.0,11792475.0,4537289410.0,-0.291215938422267,-0.27709224702327057,-0.2836318398595225,6745216122.88208
165,Hongrie,2010,6464961.0,12011823.0,4276124039.0,-0.29912899477581006,-0.28756546289337864,-0.2845698291223708,5020449686.591919
166,Hongrie,2011,5797909.0,11689937.0,4422447193.0,-0.2984633024014378,-0.29018598199318923,-0.2855833273017624,5120756820.358917
167,Irlande,2005,3201855.0,4213436.0,4898039408.0,-0.29920044777494176,-0.2959953759463532,-0.312125524831245,4405483193.568466
168,Irlande,2006,3539845.0,4631197.0,5356765741.0,-0.30161166997257516,-0.2958176159826891,-0.3102976633794055,3944007116.6151733
169,Irlande,2007,3707887.0,4970719.0,6214211542.0,-0.3005361720469544,-0.2957893580789637,-0.3087000720485829,4198217630.472412
170,Irlande,2008,3747017.0,5048127.0,6641386395.0,-0.2967594601541949,-0.2965752827871616,-0.30829345476010606,4982250368.784561
171,Irlande,2009,3432181.0,5154289.0,5611656688.0,-0.30092046913337805,-0.297823870800422,-0.3080689932254928,4117704804.9794006
172,Irlande,2010,3396961.0,5273313.0,5155632140.0,-0.3015752697485296,-0.29897459856583597,-0.30781036496852493,3979740122.290451
173,Irlande,2011,3451216.0,5499790.0,5310590856.0,-0.3007427475257747,-0.3002671652308564,-0.30730818750158573,4153297898.616791
174,Irlande,2012,3254925.0,5460507.0,4151235936.0,-0.28891399129155676,-0.3012246376716402,-0.30748668649858485,6590196656.603127
175,Irlande,2013,3203515.4,5626398.0,4206306247.0,-0.2975096772900633,-0.3014332474903185,-0.30686898420578673,4823002257.2258
176,Irlande,2014,3050538.0,5820829.0,4030623057.0,-0.296872330048546,-0.30188774051414446,-0.30624180574290516,4964212927.355621
177,Irlande,2015,2830874.0,5765765.0,3381018700.0,-0.3007662797532225,-0.3029184355788387,-0.30645198400144574,4147767453.264908
178,Irlande,2016,2747205.0,5892448.0,3416395426.0,-0.30051290491925803,-0.30338197225879204,-0.30606050530744955,4204837941.109421
179,Irlande,2017,2684511.0,6020694.0,3551950996.0,-0.29729204319596597,-0.30400942168438266,-0.305729472723223,4873450896.179581
180,Islande,2005,132907.0,304001.0,463872937.0,-0.316410109382114,-0.31819721365865494,-0.32750394409741357,394729736.1067352
181,Islande,2006,143911.0,322840.0,471383625.0,-0.31719130164750386,-0.31825008101293273,-0.32743679889568256,234116398.4207611
182,Islande,2007,135157.0,326098.0,578599762.0,-0.31524315028735905,-0.3182397836412362,-0.32739839618184535,637917262.2581024
183,Islande,2008,141241.0,336922.0,275517725.0,-0.31631612304794593,-0.3181627857839267,-0.32733871336255366,417662764.12841797
184,Islande,2009,145310.0,339715.0,187206250.0,-0.31777908967716934,-0.31825033457338486,-0.3273388405776333,114466046.04821777
185,Islande,2010,158478.0,341077.0,205487057.0,-0.3175833846402701,-0.31831276679138626,-0.3273413578121885,154483938.72714233
186,Islande,2011,159129.0,344085.0,225317147.0,-0.31761059408751574,-0.3183959909664657,-0.3273427869518069,148275755.74212646
187,Islande,2012,164492.0,352114.0,213280719.0,-0.31745865945050983,-0.3184424488759803,-0.32732501202780284,179746487.82647705
188,Islande,2013,160583.0,356264.0,226711625.0,-0.3172786022033378,-0.31856545386866714,-0.327326460114348,216147224.8405304
189,Islande,2014,162710.0,370047.0,248320114.0,-0.3174118804057753,-0.31861103840329086,-0.32729128108476374,188971408.75325012
190,Islande,2015,162141.0,383919.0,223763511.0,-0.31747698973902483,-0.3186612151994373,-0.3272511433737761,175963791.88809204
191,Islande,2016,170089.0,401613.0,234652147.0,-0.3169415936479861,-0.3188153376942823,-0.32722315605624885,286241329.2532654
192,Islande,2017,168759.0,410662.0,255824919.0,-0.316601885102729,-0.3189614448615003,-0.32721171211248623,355767359.69262695
193,Islande,2018,175778.0,424720.0,244045116.0,-0.31657712536130433,-0.3192532788552581,-0.3272216646624425,358757735.6557007
194,Israël,2009,2616318.0,9550164.0,6515310565.0,-0.2920570604636997,-0.27433341069680034,-0.2895064427693873,6473478500.226913
195,Israël,2010,2603834.0,9550164.0,7325356788.0,-0.2907094819031679,-0.27433341069680034,-0.28933943914352345,6755523188.119011
196,Israël,2011,2591349.0,9791022.0,8153211803.0,-0.2894637345005956,-0.29207799374052706,-0.2919319525454021,6844366662.084122
197,Israël,2012,2591349.0,9791022.0,6812563389.0,-0.29545665787666137,-0.29091648965589584,-0.29150847790551715,5620798227.195297
198,Israël,2013,2591349.10327456,9791022.0,6478980609.0,-0.2998956481250399,-0.28975498557126456,-0.2910931233771004,4718499610.032318
199,Italie,2005,65731770.0,71838000.0,58063750000.0,-0.07090897327554904,0.017874838288404162,-0.05085149465037681,58869014727.19005
200,Italie,2006,72696064.0,80416000.0,58828750000.0,-0.07567086891634073,-0.001024064627142293,-0.027214689244460164,58225633243.6353
201,Italie,2007,80604390.0,90135922.0,63208219178.0,-0.036299204125821626,0.0015621533781661789,0.004296910942147833,67009229537.75405
202,Italie,2008,80264112.0,90341160.0,66479411765.0,-0.035596224054562364,-0.0025721779678763938,0.007174689273314084,67184078465.450775
203,Italie,2009,77046473.0,90032886.0,60833333333.0,-0.0699771457215392,0.019051668693700008,0.012655796994834725,60324016166.90758
204,Italie,2010,79085236.0,93666088.0,56208000000.0,-0.08268313852339144,0.01677666797004868,0.02469811177153029,57918577983.16275
205,Italie,2011,79736335.0,97290853.0,56372222222.0,-0.07848776355440353,0.010115818018492276,0.034472728431892835,58935311001.990425
206,Italie,2012,78789757.0,98603231.0,49507692308.0,-0.08563176509731071,0.0034109612417922994,0.03739917329779218,57470937353.50625
207,Italie,2013,77647921.488,98814024.0,46258602221.0,-0.09046875488160182,-0.007632624778784186,0.036506139678736005,56379560608.7536
208,Italie,2014,75716830.0,97519307.0,43204999759.0,-0.0831762767071505,-0.017156031368440815,0.03207653496498226,57737377453.30692
209,Italie,2015,74621563.0,96887129.0,35348441921.0,-0.08559402294781658,-0.022820304222811852,0.03104451481133154,57179334058.379265
210,Italie,2016,73423928.0,98182991.0,35463667876.0,-0.09342629953774212,-0.024855591712318447,0.035512928244495916,55634004057.810776
211,Italie,2017,71755865.0,100162608.0,36203989833.0,-0.08639076858542048,-0.021240580345707017,0.04438172211023977,57288447987.083206
212,Italie,2018,71075209.0,103638887.0,37148308391.0,-0.03398847490057622,-0.027710992310990716,0.053998426962879084,68274898847.78239
213,Japon,2005,2725848.0,96483732.0,132042397024.0,0.2260022360739464,0.49746075384221405,0.14992961061145368,127430122494.875
214,Japon,2006,2494138.0,101698165.0,129867583835.0,0.2866103713111358,0.4567664424458135,0.1653184533940437,140001092866.2261
215,Japon,2007,2109366.0,107338974.0,129989808917.0,0.21325029042375282,0.40136983674430077,0.17686742809178135,124687501194.61258
216,Japon,2008,1540932.0,112050077.0,139372097523.0,0.3588794285470065,0.34597234358120543,0.18388522089470502,154582199313.23175
217,Japon,2009,1098665.0,112182922.0,151952548894.0,0.40989373743473984,0.2901781973507629,0.1776850854227815,164642150379.87067
218,Japon,2010,1257500.0,119535344.0,152292093871.0,0.16862281325257064,0.23706391745263092,0.19379242814852893,114701463549.09084
219,Japon,2011,1370460.0,128204758.0,166286179677.0,0.19874862571255372,0.18614256921179734,0.2097718574650207,120911052834.69495
220,Japon,2012,1258211.0,136043361.0,162364958015.0,0.19873407902895657,0.1409294865637866,0.22338047948975548,120877135282.77042
221,Japon,2013,1047752.0,144014699.0,139737704918.0,0.15400085680333178,0.1028758241497607,0.2390688190503331,111681724585.32893
222,Japon,2014,926403.0,152697747.0,129227864829.0,-0.04284854020641076,0.07034637061366456,0.2585781907438605,71133263203.31126
223,Japon,2015,754783.0,156562122.0,115946794448.0,-0.03432275682659015,0.03295197946197677,0.26473281569770823,72770500495.94435
224,Japon,2016,599400.0,163496760.0,130399852928.0,-0.0016004171549898972,0.0034482487149533215,0.28102012174722285,79665239128.88171
225,Japon,2017,518460.0,170192035.0,125022733351.0,-0.037901866615395165,-0.019511706575958094,0.29638572747749453,72307617451.80934
226,Japon,2018,443439.0,177816158.0,0.0,-0.03345346847596553,-0.03918696933597882,0.31482070827572983,73461482633.9305
227,Lettonie,2014,979802.0,2384000.0,705910143.0,-0.3142486584742266,-0.3146737939620446,-0.32004170511338625,1012582208.6698761
228,Lettonie,2015,845850.0,2590000.0,597757803.0,-0.31545053352210156,-0.31474714336618115,-0.31948551807836784,774475079.7353058
229,Lettonie,2016,764119.0,2625744.0,590388951.0,-0.3157701811363205,-0.31520724289333846,-0.31945113481970744,705985309.1657257
230,Lettonie,2017,609956.0,2769740.0,611030646.0,-0.31641308267073226,-0.31549804855859576,-0.3190984107110454,578041044.1584778
231,Lettonie,2018,586889.0,2799054.0,625850569.0,-0.31595489355238987,-0.31656979224315823,-0.31922518459799165,663208458.557663
232,Lituanie,2005,2887716.0,4353447.0,3144434740.0,-0.30862983529453347,-0.3096664398924832,-0.31448171862906293,2317852281.787323
233,Lituanie,2006,3160118.0,4718215.0,3370300828.0,-0.3059900705004399,-0.31014576775393016,-0.3132220863375493,2885590079.0260773
234,Lituanie,2007,3260289.0,4921077.0,4074614890.0,-0.30009090080941686,-0.3100686431163946,-0.3122823350105124,4124904146.8386536
235,Lituanie,2008,3248753.0,5022638.0,4595289032.0,-0.30271358590113734,-0.31029760820470564,-0.3118280472543092,3589858858.177948
236,Lituanie,2009,3047252.0,4961499.0,4003800791.0,-0.30661830671084483,-0.31086796426848223,-0.31198490615424535,2775290191.338867
237,Lituanie,2010,2873219.0,4890979.0,3431345367.0,-0.30628163975011596,-0.31128270464808433,-0.31211938602697503,2839523882.3066254
238,Lituanie,2011,2765481.0,4938000.0,3326011459.0,-0.30420063782809864,-0.3117988973819387,-0.3119617097024844,3269670699.890564
239,Lituanie,2012,2711033.0,4997265.0,2913410840.0,-0.3087797365315789,-0.31241438720620185,-0.3118091544616264,2321419965.895645
240,Lituanie,2013,2096601.0,4494113.0,2859893915.0,-0.30710343566006054,-0.3131714623696193,-0.3133390105292846,2632924148.3727417
241,Lituanie,2014,1803893.0,4264592.0,2793310348.0,-0.3076851106879575,-0.3138190557644657,-0.3139833143072527,2495585225.337494
242,Lituanie,2015,1636272.0,4184053.0,628616733.0,-0.31606159958264357,-0.31436490098453235,-0.314221106358193,754597607.5257874
243,Lituanie,2016,1527680.0,3600115.0,657603161.0,-0.3154557382227898,-0.3148851506856215,-0.31583540346500966,844583930.3771362
244,Lituanie,2017,1432007.0,3700256.0,689177823.0,-0.3160960766180307,-0.31546738183057477,-0.3158358987918092,708260883.2525635
245,Lituanie,2018,1335878.0,3764670.0,738475715.0,-0.3158498570032842,-0.3164541827636597,-0.3158782966004888,751812279.8848267
246,Luxembourg,2005,419200.0,719500.0,566925000.0,-0.3169750049334661,-0.31687707933780673,-0.3261545060797648,313287882.8580475
247,Luxembourg,2006,372000.0,714000.0,612250000.0,-0.3160658551888227,-0.31686440131519816,-0.32608055081121573,502889880.48513794
248,Luxembourg,2007,310000.0,684000.0,675616438.0,-0.3154343322017917,-0.31673621241993355,-0.3260559739405051,634855293.1955872
249,Luxembourg,2008,279000.0,707000.0,743529412.0,-0.31486858683528396,-0.3166516922692097,-0.3259382160839924,754765753.8271179
250,Luxembourg,2009,260000.0,720000.0,702361111.0,-0.31467538806265505,-0.3165953455020604,-0.3258877793649593,796098607.899643
251,Luxembourg,2010,230000.0,727000.0,661680000.0,-0.31506184202252085,-0.3165446334116261,-0.32583068956792977,717624677.9946136
252,Luxembourg,2011,236000.0,765000.0,710305556.0,-0.314008123645318,-0.31646011326090223,-0.32569068531269785,938911518.2212677
253,Luxembourg,2012,236000.0,761500.0,718589744.0,-0.31367034217243794,-0.31699540754882016,-0.32578397456665287,1003390225.5118256
254,Luxembourg,2013,224500.0,788500.0,760000000.0,-0.3127833938055838,-0.31724192465509815,-0.3257402640066192,1186084252.2030792
255,Luxembourg,2014,210000.0,883000.0,712933333.0,-0.31259544101613296,-0.31650603587612886,-0.3253152032382941,1238236576.0308838
256,Luxembourg,2015,193000.0,906000.0,597777778.0,-0.31437971401015286,-0.31642306526150155,-0.32520290209668806,871928972.7094269
257,Luxembourg,2016,104000.0,894600.0,610444444.0,-0.314993437426001,-0.31642630520061266,-0.3252265316210607,744492392.6063843
258,Luxembourg,2017,99000.0,932000.0,631910112.0,-0.3152181604859547,-0.3164389832232212,-0.3250974001950848,700475226.5402374
259,Luxembourg,2018,77000.0,951800.0,677176471.0,-0.31585516981518963,-0.31646715660679586,-0.32502244615282516,570003993.729248
260,Mexique,2005,43860561.0,47128746.0,22297444895.0,-0.21753131430643688,-0.045458251826157044,-0.14569470516387675,26247001205.41201
261,Mexique,2006,51091577.0,55395461.0,26045590102.0,-0.21217063462049215,-0.040538728279889545,-0.1202554948555736,27890964221.621185
262,Mexique,2007,61360877.0,66559462.0,29093714102.0,-0.22444123489761963,-0.03861503556272206,-0.08678030555393416,26026781031.64283
263,Mexique,2008,69118299.0,75368507.0,30230071076.0,-0.21363293699000185,-0.03166340811929191,-0.057913915585930016,28878748410.182495
264,Mexique,2009,72997624.0,83219086.0,27198130054.0,-0.23540073270022993,-0.04362075557603613,-0.025879409994508197,24929600308.65538
265,Mexique,2010,78287518.0,90467974.0,30286369343.0,-0.15537962188542068,-0.03695332713941506,-0.0016826173414060085,42004078019.079
266,Mexique,2011,80488243.0,94583253.0,31824020398.0,-0.17516448618376498,-0.03863110847805139,0.01064307579201268,38143935672.24483
267,Mexique,2013,90399443.0,106748021.0,31260476860.0,-0.18161619544748892,-0.048186505944757006,0.045901991032957785,37442525583.20087
268,Mexique,2014,89075691.0,104948339.0,32945885979.0,-0.21391765193672688,-0.04652650201115627,0.042423643844191464,30703283860.245605
269,Mexique,2015,90647027.0,107688282.0,28245982735.0,-0.18608928198299504,-0.04399692659352459,0.05514363064358204,36727591908.421974
270,Mexique,2016,93936401.0,111730635.0,24539219378.0,-0.1874296305555346,-0.038791217816906004,0.07067204731549612,36791581275.97924
271,Mexique,2017,94840804.0,114329353.0,24681862503.0,-0.2251481181635598,-0.03928866116399145,0.08052593250401181,29180877943.79908
272,Mexique,2018,100099672.0,120173510.0,25710906030.0,-0.23219489130158863,-0.024500283085367006,0.10286280821190165,28262506872.06801
273,Norvège,2005,1735766.0,4754453.0,4754037267.0,-0.3020145132247287,-0.2931117033572638,-0.30801887319080684,3923629421.0505524
274,Norvège,2006,1613537.0,5007746.0,4851170047.0,-0.3001821486904818,-0.2968105728000851,-0.30748829428065555,4288613627.7093964
275,Norvège,2007,1406161.0,5173367.0,5336348123.0,-0.29894602517124863,-0.29905055400795316,-0.30701730616186595,4538759607.353989
276,Norvège,2008,1422196.0,5211207.0,5640780142.0,-0.2981800407709631,-0.30081710967823316,-0.30689791616294815,4687850835.691055
277,Norvège,2012,1326722.0,5613228.0,5690165710.0,-0.28007550406983633,-0.3074756634990282,-0.30626950885653104,8401037517.606262
278,Norvège,2013,1304469.0,5692052.0,5714949434.0,-0.27721499495598795,-0.309321780804523,-0.30625412124529866,8980798269.420914
279,Norvège,2014,1259127.0,5737961.0,5356373268.0,-0.2775086581628656,-0.3108978703151467,-0.3062529492425434,8909629428.890106
280,Norvège,2015,1144623.0,5714890.0,4197669009.0,-0.2827824657390533,-0.31229511518683867,-0.3063853855538869,7806866876.737953
281,Norvège,2016,1023452.0,5729569.0,4074609658.0,-0.2799472829292456,-0.31348410240714697,-0.3064211438180893,8384734741.862968
282,Norvège,2017,889055.0,5719665.0,4170020085.0,-0.2806139141853856,-0.31457566606705417,-0.30650003611441107,8238048092.706619
283,Norvège,2018,755243.0,5720892.0,4173245985.0,-0.27956618665981076,-0.31568983886728,-0.3065990175665053,8445428920.196854
284,Nouvelle-Zélande,2005,2460620.0,3530000.0,3749295775.0,-0.3037807133200846,-0.29430174707945617,-0.31337955965925324,3444514065.901428
285,Nouvelle-Zélande,2006,2595100.0,3803000.0,3194805195.0,-0.30143419306800884,-0.2942454003123069,-0.31231564370775516,3951279422.6784515
286,Nouvelle-Zélande,2007,2877540.0,4200000.0,3602941176.0,-0.2959492084394194,-0.29420314023694494,-0.3105100963222305,5121790389.904373
287,Nouvelle-Zélande,2008,3096334.0,4600000.0,3464788732.0,-0.2945757432837173,-0.29410453339443376,-0.3089812715087287,5436743268.489761
288,Nouvelle-Zélande,2009,3104365.0,4700000.0,3081250000.0,-0.28810667765301795,-0.2941749668533703,-0.3084166666248216,6785551609.257332
289,Nouvelle-Zélande,2010,3161925.0,5000000.0,3568345324.0,-0.28660682032924834,-0.2951187752031204,-0.30751783253947323,7107294320.254486
290,Nouvelle-Zélande,2011,3168118.0,5200000.0,3960629921.0,-0.29060762137278895,-0.2953291881183475,-0.3067925874903895,6292661675.150078
291,Nouvelle-Zélande,2012,3200000.0,5400000.0,4268292683.0,-0.28887924061223735,-0.29553961512026644,-0.3060337603669769,6663770386.659302
292,Nouvelle-Zélande,2013,3000000.0,5300000.0,4270491803.0,-0.2813257923161392,-0.29595825751349364,-0.30621685805377086,8219805121.611427
293,Nouvelle-Zélande,2014,3370000.0,5600000.0,4272727273.0,-0.278402582148531,-0.29864044814994906,-0.3057747477580662,8815422214.767418
294,Nouvelle-Zélande,2015,3490000.0,5800000.0,3573426573.0,-0.28297478264865644,-0.3029650625286547,-0.3059249021526334,7838031146.561928
295,Nouvelle-Zélande,2016,3700000.0,6100000.0,3666666667.0,-0.2867781422303492,-0.3031200161383152,-0.30492325933598546,7070066452.966583
296,Nouvelle-Zélande,2017,3860000.0,6400000.0,3808510638.0,-0.2863870839926832,-0.30241568154894943,-0.30378972966887,7178016158.330101
297,Nouvelle-Zélande,2018,3720000.0,6400000.0,3736551724.0,-0.28570787383244717,-0.30520484652283775,-0.3042198303197131,7291525266.973938
298,OCDE - Total,2005,405270212.0,973111634.0,1178831541897.0,4.670256186995747,7.285115343721318,4.205447691117257,1171825241085.3384
299,OCDE - Total,2006,482251231.0,1079758304.0,1184401400450.0,5.326165359263365,7.063407817625972,4.564200784955114,1313116399188.0254
300,OCDE - Total,2007,543220049.0,1187711576.0,1297432120376.0,5.493078232918208,6.784036531392787,4.9017640013104185,1352458126672.139
301,OCDE - Total,2008,570322241.0,1263250076.0,1364448182656.0,5.613003434231554,6.448727555539847,5.1146674450474645,1379247278187.9106
302,OCDE - Total,2009,574182013.0,1303979032.0,1297384678522.0,4.797883233721194,6.024720611999428,5.204249711128386,1209598873307.552
303,OCDE - Total,2010,576842079.0,1349302211.0,1313517325079.0,4.738901746675511,5.696434415470136,5.317448509403593,1197458374419.6301
304,OCDE - Total,2011,598541915.0,1409011863.0,1369169762289.0,5.195732647312444,5.353769777679922,5.4534899093423395,1292369276807.1392
305,OCDE - Total,2012,525514365.0,1453004532.0,1312223873555.0,5.203456812081074,5.019880331845081,5.543428139456399,1293530198002.634
306,OCDE - Total,2013,517051213.003071,1480497848.0,1312527811698.0,5.508649180051858,4.648572730609508,5.580452042126085,1354928997486.0916
307,OCDE - Total,2014,503329050.0,1551624992.0,1323718350223.0,5.242339355287096,4.271425702593879,5.732938911645525,1300354899539.749
308,OCDE - Total,2015,565093437.0,1592561557.0,1237649676323.0,5.0392266369234,3.9723076777265445,5.829756605756943,1258270716808.3145
309,OCDE - Total,2016,554834716.0,1648559965.0,1267819378087.0,5.1914300918666365,3.7402002147317677,5.975817874082728,1291100405755.8196
310,OCDE - Total,2017,543314402.0,1683934819.00299,1259587863457.0,5.346653179007316,3.4563981568105677,6.05433892432968,1322877905687.6938
311,OCDE - Total,2018,532837811.0,1742750565.0,1286608199328.0,5.505035580051791,3.2153873129606456,6.201296793701203,1356944396068.4868
312,Pays-Bas,2005,12028000.0,16289000.0,18993000000.0,-0.24084339854784745,-0.23661674421040235,-0.2576361501921881,17946550803.85431
313,Pays-Bas,2006,9381900.0,17058000.0,19202000000.0,-0.2234732336122765,-0.23894499262900973,-0.253429534566168,21607218676.736465
314,Pays-Bas,2007,8171000.0,18453000.0,18409805479.0,-0.21057744040660112,-0.2334652695237443,-0.24710423298936895,24435974521.15204
315,Pays-Bas,2008,8393000.0,20627000.0,21011852941.0,-0.19858255549342463,-0.243941823939806,-0.24259113458279474,26936807367.56237
316,Pays-Bas,2009,7628000.0,20682000.0,19636266667.0,-0.2014211404982201,-0.2526473994643665,-0.2433706652837476,26276540265.306107
317,Pays-Bas,2010,6357000.0,20627000.0,18679325333.0,-0.20610761809338518,-0.26284616431838237,-0.24494055350094432,25208527384.022415
318,Pays-Bas,2011,6252000.0,21848000.0,19285916667.0,-0.2014211404982201,-0.2702275908149353,-0.24259654799044025,26175291995.807434
319,Pays-Bas,2012,5420000.0,21681000.0,15642623098.0,-0.218650140779853,-0.28530035102736206,-0.24552249482283622,22453769342.39077
320,Pays-Bas,2013,4815000.0,21500000.0,17537764713.0,-0.15643167423366977,-0.29156892887271707,-0.24683795288069416,35256086373.52792
321,Pays-Bas,2014,4037000.0,22547000.0,16135724000.0,-0.21072845425709086,-0.2964288375393407,-0.24478356467922466,24033190964.281685
322,Pays-Bas,2015,3655000.0,23590000.0,12989662222.0,-0.2441563215754788,-0.3010492724455799,-0.24246933291077086,17133738812.240807
323,Pays-Bas,2016,3358000.0,26018000.0,12024118889.0,-0.2428224713846612,-0.3047118123102817,-0.23597595043998648,17513629000.376167
324,Pays-Bas,2017,2910000.0,25550000.0,11879591011.0,-0.24528830890663975,-0.30758549743489394,-0.23761350625275204,16952175717.048645
325,Pays-Bas,2018,1981000.0,27087000.0,11593591765.0,-0.24253584337571424,-0.3104732692512934,-0.23369149241358297,17579849708.45893
326,Pologne,2005,18812776.0,29166391.0,11442624437.0,-0.25858443564800404,-0.1549299906726145,-0.2157297977256828,15646100932.35987
327,Pologne,2006,24318517.0,36745454.0,12915052804.0,-0.24383779241466616,-0.15981517086430452,-0.1912383505877319,19147828783.285812
328,Pologne,2007,26684062.0,41388774.0,15152770770.0,-0.22902865793467508,-0.17523023768716303,-0.1801143473370932,22328634582.216026
329,Pologne,2008,24466002.0,43926365.0,17883876791.0,-0.23061621022747378,-0.18714529689516174,-0.17364664877888292,22049020882.04592
330,Pologne,2009,23419352.0,44806632.0,13849277471.0,-0.2449499029318166,-0.20068129764043496,-0.16962499034518302,19073813452.78312
331,Pologne,2010,24022111.0,46976572.0,14307862818.0,-0.24748119558183715,-0.21206295017721521,-0.16431524404268089,18579650641.073784
332,Pologne,2011,26400311.0,50146101.0,14597887064.0,-0.25123677734145705,-0.22370712230214387,-0.15676318850570314,17874796129.546906
333,Pologne,2012,29259705.0,54086209.0,13292052858.0,-0.2612033574739846,-0.23086359841754514,-0.14632040305976726,15972049268.201973
334,Pologne,2013,30632716.0,56972803.0,12741094672.0,-0.25670179689493583,-0.23796522095512662,-0.14016879878738572,16977629779.603813
335,Pologne,2014,30815614.0,56905306.0,12595951953.0,-0.25711605094371826,-0.25237837182461237,-0.1431270934371674,16737961738.5878
336,Pologne,2015,27610369.0,54546230.0,10518063581.0,-0.2692373835189851,-0.2594791632473784,-0.15022984967308728,14043299594.656563
337,Portugal,2005,9211786.0,11368494.0,9218125504.0,-0.292234766248746,-0.269994667366232,-0.28534845037083917,6547614086.390213
338,Portugal,2006,9760816.0,12236104.0,9222550469.0,-0.2906972981602424,-0.2719201350065647,-0.2826729819102008,6905722784.742271
339,Portugal,2007,10341344.0,13477414.0,10632547945.0,-0.2705322399960449,-0.27479935620104934,-0.27962376095890135,11117998496.653458
340,Portugal,2008,11080118.0,14953227.0,11332604412.0,-0.27634260777194686,-0.2784792931301085,-0.2758492002238844,9966291228.009552
341,Portugal,2009,11702094.0,16051044.0,10497329167.0,-0.27644917810219755,-0.28106632816354066,-0.27272472207949716,9988815180.588318
342,Portugal,2010,11879544.0,16473690.0,10132965333.0,-0.2772798483090325,-0.28296769347422523,-0.2713773601036804,9831001614.817856
343,Portugal,2011,12066059.0,16794499.0,9065269444.0,-0.28263418746483815,-0.28483112332392657,-0.2705701858365858,8727050822.604332
344,Portugal,2012,12032023.0,16827910.0,8483467949.0,-0.29004852254467384,-0.28727588277030686,-0.2705672923701993,7177250498.47332
345,Portugal,2013,11368124.0,16665949.0,8361841333.0,-0.29012184381380685,-0.28912581756927597,-0.2708913172982287,7143420365.226959
346,Portugal,2014,9562667.0,16731949.0,7694884000.0,-0.2949692398349631,-0.29132322879456274,-0.2703506369694108,6136852490.8697815
347,Portugal,2015,8502881.0,16790405.0,6364621111.0,-0.29852771312564064,-0.29345715129996414,-0.2698326198717009,5396870778.231445
348,Portugal,2016,8302184.0,17079569.0,6501200000.0,-0.2991100529023122,-0.296396494494997,-0.2689829530612929,5273712541.310471
349,Portugal,2017,8252493.0,17451924.0,6632064045.0,-0.29765463222316135,-0.2995468140729285,-0.26804167515329996,5572474952.853424
350,Portugal,2018,7236189.0,17541568.0,6915676471.0,-0.29809383119482274,-0.3029681756875397,-0.2678879046024255,5461984047.89415
351,Royaume-Uni,2005,43064148.0,65681261.0,71471593333.0,0.22165763247042963,0.11760578471754315,-0.040233079313493965,120257118401.51642
352,Royaume-Uni,2006,45518728.0,70137144.0,75772300648.0,0.1904943572393084,0.11137583258106891,-0.02093451654049786,114150915896.19034
353,Royaume-Uni,2007,47466048.0,74319198.0,82921186821.0,0.22611386061798358,0.11038484790052311,-0.0027897512328419476,121870632795.32822
354,Royaume-Uni,2008,47482741.0,77490937.0,89393948816.0,-0.008583493338749103,0.10714565538410545,0.009683928225381935,73548532629.9205
355,Royaume-Uni,2009,47605201.0,80581053.0,72834382423.0,-0.08785243983628138,0.10249786412241525,0.020085880337447758,57326452906.36249
356,Royaume-Uni,2010,44798118.0,81476397.0,68977870705.0,-0.09140214199314056,0.10640296273300286,0.026665917931117573,56748060638.92879
357,Royaume-Uni,2011,42382669.0,82162029.0,69110967334.0,-0.080409515956212,0.10575759503545883,0.03141584480207119,59111425898.66023
358,République slovaque,2005,2392884.0,4540374.0,1856510133.0,-0.30649166270520556,-0.30345747692677205,-0.31305389446870724,2829495049.3305664
359,République slovaque,2006,2381788.0,4893232.0,1948877844.0,-0.30591396753947053,-0.3038752036850331,-0.3118830799564334,2969348824.534378
360,République slovaque,2007,3096881.0,6068063.0,2532066459.0,-0.30333264974644514,-0.30410942310938077,-0.3083995467231427,3570550177.261734
361,République slovaque,2008,2307227.0,5845696.0,3150793475.0,-0.30216663603509053,-0.3048553979596698,-0.3086703876277588,3801444506.383911
362,République slovaque,2009,1979141.0,5497719.0,2949142242.0,-0.30297292163894457,-0.30604490638757426,-0.30922439035279226,3615836353.5783997
363,République slovaque,2010,2140085.0,5925012.0,2641651680.0,-0.3048099248866295,-0.3077856411518081,-0.30812650526831864,3246000285.2077026
364,République slovaque,2011,1929921.0,5983059.0,2707198490.0,-0.30362180533696204,-0.3087557775285087,-0.30794969525450494,3488823622.03421
365,République slovaque,2012,1859802.0,6094466.0,2397814492.0,-0.3110156718103848,-0.31004387871223255,-0.30764557542638804,1956874810.2183228
366,République slovaque,2013,1831444.0,6208412.0,2362109143.0,-0.30997086835089155,-0.31038986194922075,-0.30723157154317887,2178876075.0246887
367,République slovaque,2014,1823330.0,6378095.0,2251838436.0,-0.3064833281876572,-0.31163582983780874,-0.3067893259122831,2900747930.2844086
368,République slovaque,2015,1889334.0,6675553.0,1843857269.0,-0.308549552790732,-0.3129576123015961,-0.3060146077307271,2479891312.3207703
369,République slovaque,2016,2041848.0,6989902.0,1871510556.0,-0.307304183000676,-0.31431652728493475,-0.3052550795710244,2743489975.6671295
370,République slovaque,2017,2195428.0,7117753.0,1870349329.0,-0.30631855256747376,-0.31508991483744186,-0.3048730039661084,2949787388.1029663
371,République slovaque,2018,2104043.0,7241702.0,2005728039.0,-0.3065406544913928,-0.3157554969377007,-0.3043859407333155,2909054478.5390778
372,Slovénie,2005,772823.0,1759232.0,1189920298.0,-0.31176960992261327,-0.30983450821219766,-0.32164204374858896,1525840423.4121246
373,Slovénie,2006,734775.0,1819572.0,1310528293.0,-0.3096249536809256,-0.310158361256388,-0.3213218082059114,1973640137.8223724
374,Slovénie,2007,748402.0,1928412.0,1513339433.0,-0.30427184888594877,-0.3109836723548232,-0.3210319148130869,3081182154.9720154
375,Slovénie,2008,729077.0,2054889.0,1821383056.0,-0.3016074534624961,-0.31125212244021405,-0.320504887098351,3640941642.2931824
376,Slovénie,2009,668606.0,2100435.0,1769967607.0,-0.3111707731739611,-0.3124552667857686,-0.3205543358704889,1653821800.881134
377,Slovénie,2010,635590.0,2121950.0,1491835430.0,-0.3124356750476616,-0.3134225999108035,-0.3206034787850948,1384794365.265442
378,Slovénie,2011,627472.0,2168548.0,1692020534.0,-0.31344440232907794,-0.3143427707917345,-0.3205896150481147,1170313705.5060577
379,Slovénie,2012,636401.0,2241160.0,1553860177.0,-0.3120466698011585,-0.31521620202931516,-0.3205203965112554,1455011189.286728
380,Slovénie,2013,620057.0,2283573.0,1431651949.0,-0.31265497672420006,-0.31605450105757826,-0.320525320005509,1323528888.1438904
381,Slovénie,2014,613704.0,2326386.0,1423827513.0,-0.31164429926947346,-0.31680129293599096,-0.3204814795236919,1528502446.95961
382,Slovénie,2015,578791.0,2353926.0,1204823831.0,-0.3125108471819832,-0.3173597175718237,-0.320479140931589,1345601877.256958
383,Slovénie,2016,550552.0,2385757.0,1197015136.0,-0.31188681698123305,-0.3178341010044533,-0.3204286771455176,1472534292.6299286
384,Slovénie,2017,534097.0,2443172.0,1270049731.0,-0.3105927282146419,-0.3182969756098927,-0.32032730567394785,1739149819.8518066
385,Slovénie,2018,498713.0,2465857.0,1275402545.0,-0.3098620748363005,-0.3185995859228678,-0.32029429471412557,1888931123.5058289
386,Suisse,2005,2808411.0,6834233.0,12916800000.0,-0.27187017372992567,-0.26635348292627975,-0.2952363046923304,10588842670.425133
387,Suisse,2006,3102594.0,7436157.0,13040760000.0,-0.16928787583430846,-0.267358681078839,-0.2930550938832458,31844356339.74417
388,Suisse,2007,3558653.0,8208884.0,14315856667.0,-0.26126881596791607,-0.26822542113782066,-0.29011775724116373,12870424670.279823
389,Suisse,2008,3895657.0,8896706.0,16091998148.0,-0.25789188008147124,-0.2691162776131422,-0.2881957214432192,13601002254.180153
390,Suisse,2009,4057856.0,9322580.0,16016523853.0,-0.25808535508717817,-0.27109506338188993,-0.2867321958594414,13576773510.633583
391,Suisse,2010,4221556.0,9644157.0,16877715385.0,-0.25893923212338293,-0.27438054476752066,-0.2859597973230615,13393627114.92875
392,Suisse,2011,4232784.0,10082636.0,19478083146.0,-0.24092041041403106,-0.2760706942215463,-0.2845737484295061,17136984922.387947
393,Suisse,2012,4280129.0,10561075.0,18781468085.0,-0.2185184748959802,-0.2782057436622906,-0.28312286585928437,21785318816.300552
394,Suisse,2013,4192525.0,10828694.0,19129819355.0,-0.22860872039462768,-0.2802041099326227,-0.28204262036362365,19706247849.281364
395,Suisse,2014,4818491.0,11687654.0,20118710870.0,-0.21326842181101457,-0.28205122739323435,-0.2797855514732026,22911719234.859467
396,Suisse,2015,4180377.0,11283399.0,19261442031.0,-0.22570659858860836,-0.2838249954497094,-0.28099896950364656,20303162367.0618
397,Suisse,2016,3906436.0,11240971.0,18531456411.0,-0.22529982869562115,-0.2875030306753773,-0.2818608056544417,20345897002.141068
398,Suisse,2017,3525968.0,11088598.0,18472252625.0,-0.23232319975392604,-0.29858649612040367,-0.28399324978075174,18777522198.740532
399,Suisse,2018,2890055.0,10808148.0,18872364658.0,-0.23648614676620297,-0.302946763916023,-0.28569612377016795,17853877951.732285
400,Suède,2006,4692726.0,9606661.0,6607645864.0,-0.2788298313785016,-0.2488035920497455,-0.2827579994772734,9512062289.860695
401,Suède,2007,4496329.0,10116852.0,7337486656.0,-0.27305599155783317,-0.25291042617341924,-0.28112324510296444,10711444740.318298
402,Suède,2008,4406879.0,10891660.0,7521298506.0,-0.2762862791235865,-0.25734200080286596,-0.27950138546566705,10045920972.64901
403,Suède,2009,4531686.0,11750105.0,6560426787.0,-0.28435822174019654,-0.2634544981032176,-0.2782467605762255,8360506714.908379
404,Suède,2010,4650909.0,12691619.0,7165737100.0,-0.2905649246628495,-0.2699731288144892,-0.27680743563132687,7061872357.802238
405,Suède,2011,4544624.0,13387910.0,8025635713.0,-0.27649893483709803,-0.27571239921593593,-0.2759524799216492,9950256764.604622
406,Suède,2012,4365208.0,13947534.0,7632257094.0,-0.2777558760946578,-0.2818272630805078,-0.27548818277470943,9658894851.532463
407,Suède,2013,4478323.0,14424085.0,7922448940.0,-0.2755588054750806,-0.2871408618295254,-0.27501087179578987,10087562054.443115
408,Suède,2014,4025648.0,14525783.0,7585436195.0,-0.27299415415677436,-0.29201592777651214,-0.27530963235033773,10579840511.160988
409,Suède,2015,4128201.0,14823062.0,6175612159.0,-0.2759664312821,-0.2963161721784257,-0.27474566624853275,9947660202.237556
410,Suède,2016,3790814.0,14671182.0,6233883446.0,-0.2657885710779402,-0.30009967446550523,-0.2753909742136191,12015117411.263336
411,Suède,2017,3392762.0,14381190.0,6301239871.0,-0.25968716548890153,-0.30414742900382297,-0.27644764702568747,13229484849.798187
412,Suède,2018,3222772.0,14316905.0,5838200736.0,-0.2673199153765682,-0.3077984882147181,-0.27703283909887044,11614892580.0083
413,Tchéquie,2005,7833756.0,11775878.0,4881562563.0,-0.3020225013145822,-0.27990754281042435,-0.28751779499036484,4414463072.736389
414,Tchéquie,2006,7451645.0,12406199.0,5395686593.0,-0.30054491579336484,-0.28442165136705294,-0.28539133538620687,4732180451.835876
415,Tchéquie,2007,7380865.0,13228631.0,6849482504.0,-0.2960618653909207,-0.285202265392447,-0.28232821551077764,5714827716.058327
416,Tchéquie,2008,7294012.0,13805466.0,8429584066.0,-0.293348895062507,-0.2867887367949179,-0.280345617214799,6304649432.781548
417,Tchéquie,2009,7206875.0,14258404.0,7008447009.0,-0.2966280181738887,-0.29045812279182837,-0.27910357037802175,5626574219.392731
418,Tchéquie,2010,7100000.0,14390000.0,6664921466.0,-0.29577178777685137,-0.2973585591973034,-0.27946191089711603,5750863664.083359
419,Tchéquie,2011,6620000.0,14240000.0,6723163842.0,-0.29480617342493004,-0.2945412208398405,-0.27869233815952704,5984477916.366127
420,Tchéquie,2012,5357800.0,13862800.0,5943157293.0,-0.29672499850984063,-0.29785863675575314,-0.2799173923097051,5541380455.455017
421,Tchéquie,2013,5454800.0,13965000.0,5420084844.0,-0.2977868086290299,-0.30156625403417436,-0.2799581092553107,5296363495.236847
422,Tchéquie,2014,5055464.0,13913075.0,5010902524.0,-0.2886122819979619,-0.3087765131388196,-0.28087911395167126,7128119884.570114
423,Tchéquie,2015,4892907.0,14016622.0,4637890196.0,-0.30160380849194646,-0.3087968684084523,-0.2807538882993116,4443168402.5225525
424,Tchéquie,2016,4821205.0,13322688.0,4686270918.0,-0.29885293755832165,-0.3116207852509799,-0.28291961946923383,4950685323.654419
425,Tchéquie,2017,4655896.0,13496301.0,5011108521.0,-0.2999157143494426,-0.31280127819614045,-0.28248090338012294,4731690933.593628
426,Tchéquie,2018,4479730.0,13705387.0,5385664225.0,-0.2974164356805037,-0.31359289392782036,-0.2818563964339144,5255753535.072098
427,Türkiye,2005,30600875.0,43608965.0,12591427517.0,-0.27749715887499027,-0.05277807721952403,-0.15536087502887685,13603641260.723305
428,Türkiye,2006,42694895.0,52662709.0,11287209410.0,-0.26902923196963996,-0.05483994629643329,-0.1278849648285859,15884287610.905304
429,Türkiye,2007,50237153.0,61975807.0,14828317524.0,-0.2637310065055649,-0.06371287171942708,-0.09999148060274356,17472380669.842644
430,Türkiye,2008,52640000.0,65824110.0,15663084340.0,-0.24405877007398522,-0.07353087329443182,-0.08783255561195615,21716662143.02453
431,Türkiye,2009,46910000.0,62779554.0,13365858314.0,-0.21086290905363975,-0.08717207345397272,-0.09693589348405302,28312962872.641533
432,Türkiye,2010,42711772.0,61769635.0,14119170677.0,-0.24645522145430862,-0.09186158949673694,-0.09860188322047658,20886717649.491356
433,Türkiye,2011,42279472.0,65321745.0,16194458186.0,-0.22210314910411622,-0.10583129130875801,-0.09037845686730318,25993761484.749702
434,Türkiye,2012,41709890.0,67680547.0,16724057836.0,-0.2264998045188195,-0.1171094066609015,-0.08540954141686591,25107703367.346115
435,Türkiye,2013,41465390.0,69661108.0,16473051227.0,-0.23587574269268013,-0.13640410335559613,-0.08233669364789768,23101088519.248344
436,Türkiye,2014,40037521.0,71888414.0,15371045353.0,-0.24409773107820226,-0.15243522347038926,-0.0781081645477286,21377629882.429253
437,Türkiye,2015,38181732.0,73639261.0,14551400276.0,-0.13587301227005782,-0.1683718500566731,-0.07470379428114195,43725455508.80029
438,Türkiye,2016,36343215.0,75061699.0,14977074338.0,-0.24782840977279877,-0.16427370742183214,-0.06737279795207225,20739518036.30742
439,Türkiye,2017,35717456.0,77800170.0,14012896524.0,-0.254313601782424,-0.161021301588518,-0.055478001240420544,19654576420.446198
440,Türkiye,2018,34382665.0,80117999.0,12221612707.0,-0.2625708705577077,-0.1564428872838803,-0.044312395952026136,18197468193.189377
441,États-Unis,2005,23430000.0,203700000.0,457465000000.0,1.7170608065723718,2.0448144133749167,0.8080682856304804,459112333196.16
442,États-Unis,2006,36270000.0,229619000.0,471681000000.0,1.9795426440892154,1.9373601423528546,0.8905116555660412,514322735608.81555
443,États-Unis,2007,44710000.0,249332000.0,491123000000.0,1.9747383403994618,1.809230326673647,0.9447282079932837,513550527102.1557
444,États-Unis,2008,46508552.0,261284000.0,508672000000.0,2.001607919119402,1.6661713223447085,0.9700097284435771,518659527629.933
445,États-Unis,2009,54582317.0,274283000.0,505503000000.0,1.6164293436576502,1.4679715688971904,0.9735877337603933,437742358168.44354
446,États-Unis,2010,58735750.0,285118000.0,517507000000.0,1.7016122372226847,1.3402757078451824,0.9906372611399143,454852672690.02136
447,États-Unis,2011,71593069.0,297404000.0,539611000000.0,1.7967777258796025,1.1820117256147014,1.0037539478649753,473747560096.033
448,États-Unis,2015,75800000.0,378000000.0,601970000000.0,2.1122795136971417,0.589201475129136,1.1456204153269267,537881456517.0323
449,États-Unis,2016,77500000.0,396000000.0,627970000000.0,2.2032160643756535,0.4995255952110904,1.186575550869002,556906151521.0286
450,États-Unis,2017,77400000.0,400000000.0,617045000000.0,2.3992143939462647,0.3797887150189153,1.1811215426661548,596546828519.97
451,États-Unis,2018,74000000.0,421800000.0,630683000000.0,2.414317743869143,0.28399921086517516,1.2289381723989088,599980474636.1964
