Pays,TIME_PERIOD,Abonnements au téléphone cellulaire mobile utilisant des cartes prépayés,Investissements totaux dans les télécommunications (pour lignes fixes et réseau mobile cellulaire) USD,Total des abonnements au téléphone cellulaire mobile,Total des lignes d'accès téléphoniques,Total des recettes des télécommunications USD,Total des voies d'accès de communication
Allemagne,2005,40200000.0,7250000000.0,79200000.0,38995000.0,84125000000.0,128901600.0
Allemagne,2006,39947000.0,8125000000.0,85652000.0,38248000.0,82875000000.0,138882600.0
Allemagne,2007,53433050.0,9726027397.0,97151000.0,36867000.0,87534246575.0,153549000.0
Allemagne,2008,60680000.0,10588235294.0,107245000.0,34230000.0,91617647059.0,164007000.0
Allemagne,2009,60483000.0,8472222222.0,108255000.0,32266000.0,83888888889.0,165498400.0
Allemagne,2010,60249000.0,7866666667.0,108846000.0,30403000.0,78933333333.0,165410950.0
Allemagne,2011,63786000.0,8750000000.0,114125000.0,28290000.0,80277777778.0,169642096.0
Allemagne,2012,60256490.0,8205128205.0,113158000.0,26280000.0,74358974359.0,167368396.0
Allemagne,2013,59412000.0,8800000000.0,115225000.0,23440000.0,76000000000.0,167288961.0
Allemagne,2014,55707000.0,10133333333.0,112629000.0,19850000.0,75733333333.0,162051818.0
Allemagne,2015,54491000.0,8888888889.0,113825000.0,16190000.0,63777777778.0,160722429.0
Allemagne,2016,54349000.0,9222222222.0,129870000.0,13010000.0,63222222222.0,174747148.0
Allemagne,2017,54720000.0,9550561798.0,135043000.0,9030000.0,63707865169.0,177305299.0
Allemagne,2018,52954380.0,10705882353.0,136958000.0,4580000.0,67764705882.0,175690033.0
Australie,2005,8504000.0,2859406870.0,18420000.0,10120000.0,26613740458.0,31325000.0
Australie,2006,9700000.0,3671924812.0,19760000.0,9940000.0,,33516172.0
Australie,2007,10150000.0,4074816667.0,21260000.0,9760000.0,30833333333.0,35850200.0
Australie,2008,9990000.0,3630343697.0,22120000.0,9360000.0,30805042017.0,36816000.0
Australie,2009,10580000.0,3057453906.0,24220000.0,9020000.0,29243750000.0,38458000.0
Australie,2010,10970000.0,3527491743.0,22540000.0,8660000.0,37210091743.0,36717000.0
Australie,2011,11435000.0,4567829897.0,24415000.0,10490000.0,43508247423.0,40538000.0
Australie,2012,11810000.0,5410153608.0,24640000.0,9930000.0,43289690722.0,40454000.0
Australie,2013,11845000.0,6195222115.0,25000000.0,9305000.0,39787019231.0,40456000.0
Australie,2014,11485000.0,6369533333.0,25415000.0,8845000.0,37022972973.0,40796000.0
Australie,2015,9255000.0,6048337594.0,26160000.0,8490000.0,31518421053.0,41413000.0
Australie,2016,9300000.0,7297185926.0,27005000.0,8470000.0,32071481481.0,42849000.0
Australie,2017,9320000.0,8924073077.0,27870000.0,8275000.0,34269230769.0,44067000.0
Australie,2018,,7767878358.0,,,,
Autriche,2005,3774105.0,948750000.0,8369251.0,3005011.0,7731356140.0,12555954.0
Autriche,2006,3880328.0,937038353.0,9254265.0,2876859.0,7556871945.0,13514922.0
Autriche,2007,3695274.0,1202739726.0,9855352.0,2742278.0,7830136986.0,14195621.0
Autriche,2008,3552199.0,748844614.0,10605967.0,2679623.0,7890430321.0,15054531.0
Autriche,2009,3641692.0,700974160.0,11434330.0,2662180.0,7058393786.0,15889867.0
Autriche,2010,3896666.0,929064827.0,12241085.0,2778004.0,6336320681.0,16957812.0
Autriche,2011,4167626.0,711249917.0,13022578.0,2769374.0,6286337831.0,17843452.0
Autriche,2012,4243025.0,714064523.0,13588363.0,2700577.0,5707720823.0,18413878.0
Autriche,2013,4061464.0,685333333.0,13272022.0,2637964.0,5546569014.0,18140178.0
Autriche,2014,3886237.0,735200000.0,12952605.0,2538207.0,5247704267.0,17845017.0
Autriche,2015,4514876.0,735000000.0,13470623.0,2505857.0,4374129111.0,18432380.0
Autriche,2016,5192019.0,667178457.0,14263780.0,2503704.0,4566473676.0,19290684.0
Autriche,2017,5648791.0,711858176.0,14936336.0,2449244.0,4675671761.0,19896680.0
Autriche,2018,7228749.0,795632293.0,16530441.0,2410632.0,4778331993.0,21462452.0
Belgique,2005,6042295.0,1328115000.0,9604695.0,4107775.0,11413135132.0,15615209.0
Belgique,2006,5942162.0,1266389538.0,9847375.0,4045012.0,10249132698.0,16247990.0
Belgique,2007,6146996.0,1360044554.0,10738121.0,3988485.0,11056698138.0,17442399.0
Belgique,2008,6653649.0,1584211751.0,11822190.0,3797389.0,11636902315.0,18582029.0
Belgique,2009,6739177.0,1502827740.0,11598724.0,3764717.0,10902752171.0,18497322.0
Belgique,2010,6709887.0,1494581333.0,12237680.0,3777490.0,10541170598.0,19388313.0
Belgique,2011,6045206.0,1761194444.0,12495934.0,3787984.0,10753957503.0,19827677.0
Belgique,2012,5412083.0,1607969231.0,12313375.0,3837154.0,9685140362.0,19842538.0
Belgique,2013,4984796.77064239,2494716000.0,12314015.0,3838956.0,9730227813.0,19981889.0
Belgique,2014,5037310.0,1967298057.0,12734724.0,3838387.0,9385408479.0,20584312.0
Belgique,2015,4746857.0,1553473637.0,12774090.0,3822453.0,7978604112.0,20717592.0
Belgique,2016,4209724.0,1752035668.0,12550821.0,3755436.0,8049617313.0,20576566.0
Belgique,2017,3063726.0,1884564637.0,11961089.0,3629965.0,8114711785.0,19970027.0
Belgique,2018,2848620.0,2040780941.0,11916735.0,3359583.0,8547517657.0,19779268.0
Canada,2005,3820396.0,4572727273.0,17016600.0,19124000.0,28515702479.0,44689151.0
Canada,2006,4203012.0,6099115044.0,18749100.0,19218000.0,31916814159.0,47334186.0
Canada,2007,4462772.0,7632710280.0,20277400.0,19257000.0,35541121495.0,49522230.0
Canada,2008,4817000.0,11214953271.0,22092500.0,19264000.0,37639065421.0,51344330.0
Canada,2009,5028000.0,7017543860.0,23811900.0,18708000.0,35980438596.0,52809900.0
Canada,2010,5416058.0,8155339806.0,25825400.0,18394000.0,40440776699.0,55036503.0
Canada,2011,5805926.0,9351515152.0,26844273.0,18201000.0,43143939394.0,56322753.0
Canada,2012,5278825.0,9672000000.0,27720609.0,17732566.0,43942000000.0,57137038.0
Canada,2013,4698557.0,8641892850.0,28363793.0,16920647.0,43516504854.0,57372933.0
Canada,2014,4171691.0,8470883250.0,28788935.0,16403000.0,41759887944.0,57761022.0
Canada,2015,4188955.0,8172993472.0,29765396.0,15612271.0,37344910427.0,58491028.0
Canada,2016,4125748.0,8691822498.0,30751965.0,15155000.0,36644738373.0,59293461.0
Canada,2017,3941143.0,9277782856.0,31692514.0,14469000.0,38708467173.0,60085319.0
Canada,2018,3799594.0,9509696883.0,33211401.0,13842000.0,40846759316.0,61373621.0
Chili,2005,8638113.0,735637190.0,10569572.0,3460645.0,,14713563.0
Chili,2006,9806577.0,1199451281.0,12450801.0,3383597.0,,16842720.0
Chili,2007,10432036.0,1393314924.0,13955202.0,3459611.0,,18712898.0
Chili,2008,10762915.0,1754049037.0,14796593.0,3524790.0,,19743974.0
Chili,2009,11933023.0,1387426780.0,16450223.0,3555311.0,,21660210.0
Chili,2010,14065837.0,1920659094.0,19852242.0,3459367.0,,25100503.0
Chili,2011,15885567.0,2414863150.0,22315248.0,3370104.0,,27696596.0
Chili,2012,17283257.0,2463536847.0,23940973.0,3292502.0,,29399805.0
Chili,2013,16629989.0,2079144281.0,23661339.0,3347231.0,,29303739.0
Chili,2014,16305141.0,1858881068.0,23680718.0,3427749.0,,29598184.0
Chili,2015,15567968.0,1473382755.0,23206353.0,3445880.0,,29371672.0
Chili,2016,14746472.0,1427482274.0,23302603.0,3375037.0,,29582220.0
Chili,2017,13135112.0,1544398366.0,23013147.0,3200245.0,,29275784.0
Chili,2018,13127449.0,1659214258.0,25178981.0,2997192.0,,31426851.0
Colombie,2005,,,21849993.0,7665167.0,6279649953.0,29833843.0
Colombie,2006,24708593.0,,29762715.0,7717171.0,7470967414.0,38107963.0
Colombie,2007,28630384.0,,33941118.0,7853786.0,9503004874.0,43001994.0
Colombie,2008,35683315.0,,41364753.0,7952605.0,11043293981.0,51089446.0
Colombie,2009,34815857.0,,41154630.0,7473867.0,,50844045.0
Colombie,2010,37143288.0,,44477653.0,7189824.0,,54318840.0
Colombie,2011,37727264.0,,46200421.0,7126730.0,,56658319.0
Colombie,2012,39630898.0,,49066359.0,7030348.0,8989404556.0,59995461.0
Colombie,2013,39542018.6268,,50295114.0,7133260.0,8644700381.0,61926218.0
Colombie,2014,44287194.0,,55330727.0,7180937.0,8633324464.0,67563216.0
Colombie,2015,45878731.0,,57327470.0,7109254.0,6568271619.0,69927258.0
Colombie,2016,46572192.0,,58684924.0,7115984.0,5943353997.0,71714138.0
Colombie,2017,49537231.0,,62220014.0,6987654.0,6386127424.0,75539015.0
Colombie,2018,51560803.0,,64825056.0,6973573.0,6600689808.0,78489419.0
Corée,2005,662065.0,5199097762.0,38342323.0,22920151.0,39897760028.0,75073187.0
Corée,2006,538332.0,6250798605.0,40197115.0,23119170.0,44898644728.0,77329206.0
Corée,2007,871624.0,6996427265.0,43497541.0,23130253.0,48869857736.0,81337792.0
Corée,2008,909182.0,6244362778.0,45606984.0,22131737.0,44193482147.0,83213652.0
Corée,2009,980026.0,5101375956.0,47944222.0,20089979.0,39926938830.0,84353519.0
Corée,2010,1001147.0,4922495372.0,50767241.0,19273484.0,45282105600.0,87152570.0
Corée,2011,1017365.0,6025949887.0,52506793.0,18632501.0,44060309125.0,88855122.0
Corée,2012,1582461.0,7070494554.0,53624427.0,18261220.0,43943824514.0,89980484.0
Corée,2013,2052119.0,6196008586.0,54680840.0,17620453.0,46566561629.0,90832183.0
Corée,2014,2979272.0,6418857317.0,57290356.0,16939308.0,49816897128.0,93221974.0
Corée,2015,3102518.0,5127214541.0,58935081.0,16341489.0,47423176208.0,95094365.0
Corée,2016,3238327.0,4954111838.0,61295538.0,15745961.0,48001516679.0,97390558.0
Corée,2017,3528974.0,4913660409.0,63658688.0,15038517.0,50699786805.0,99686499.0
Corée,2018,3929316.0,5130031804.0,66355778.0,14334357.0,52580039982.0,101975993.0
Danemark,2005,997781.0,1145666667.0,5449206.0,2797151.0,6676920336.0,9596772.0
Danemark,2006,1023234.0,1236470588.0,5828157.0,2614819.0,6811294430.0,10171313.0
Danemark,2007,1060779.0,1680514706.0,6307606.0,2354109.0,8145954207.0,10607557.0
Danemark,2008,1077668.0,1887564862.0,6556988.0,2061000.0,8124488683.0,10604195.0
Danemark,2009,1147966.0,1554646876.0,6833683.0,1679000.0,7574983175.0,10533947.0
Danemark,2010,1012949.0,1312299850.0,6980704.0,1331984.0,7224291222.0,10423423.0
Danemark,2011,974086.0,1243460592.0,7173185.0,1219851.0,7348977093.0,10536283.0
Danemark,2012,1089748.0,1131046095.0,7292756.0,1052366.0,6885134402.0,10523332.0
Danemark,2013,867767.0,1094472854.0,7031152.0,903712.0,6642360857.0,10207265.0
Danemark,2014,930744.0,1115252504.0,7160233.0,748560.0,7140226197.0,10250552.0
Danemark,2015,807317.0,997247637.0,7079249.0,610181.0,5840651102.0,10094392.0
Danemark,2016,655064.0,983008060.0,6985035.0,526103.0,5698931831.0,9942534.0
Danemark,2017,517189.0,1104411287.0,7140859.00299,450591.0,5742118958.0,10074658.00299
Danemark,2018,479031.0,1112372935.0,7216215.0,392191.99968,6065548549.0,10114775.99968
Espagne,2005,20713500.0,6893522960.0,42693832.0,19460832.0,51089724575.0,67148938.0
Espagne,2006,20880959.0,7106979234.0,45695061.0,19865037.0,52850385327.0,72219005.0
Espagne,2007,20764615.0,7884184030.0,48422470.0,20192505.0,60567345110.0,76513411.0
Espagne,2008,20313019.0,7605455882.0,49623339.0,20576070.0,64937852941.0,79356378.0
Espagne,2009,20865463.0,5939791667.0,51052693.0,20244312.0,57261000263.0,81143074.0
Espagne,2010,19968892.0,5965253333.0,51389417.0,20181424.0,53067766465.0,82356134.0
Espagne,2011,20369871.0,8221444444.0,52590507.0,19889038.0,52709584566.0,83865103.0
Espagne,2012,17814804.0,5199474359.0,50665099.0,19574626.0,45217820513.0,81700067.0
Espagne,2013,15749219.0,5199826667.0,50158689.0,19384245.0,43715866667.0,81722342.0
Espagne,2014,14606340.0,6758293333.0,50806251.0,19379051.0,43715866667.0,83019353.0
Espagne,2015,13449515.0,6230744444.0,51067569.0,19599274.0,34245166667.0,84209749.0
Espagne,2016,12571076.0,5419011111.0,51521507.0,19630715.0,36687422222.0,85315664.0
Espagne,2017,11680137.0,5258449438.0,52506928.0,19587220.0,38502438202.0,86568035.0
Espagne,2018,11373906.0,6282682353.0,54161014.0,19484361.0,40607600000.0,88601956.0
Estonie,2005,562000.0,75829094.0,1445300.0,386550.0,11901800000.0,1881350.0
Estonie,2006,719000.0,98538740.0,1658700.0,375930.0,13808275000.0,2253518.0
Estonie,2007,700000.0,129698345.0,1882776.0,398235.0,15872191781.0,2533180.0
Estonie,2008,636531.0,148414690.0,1897365.0,383336.0,16636098529.0,2561848.0
Estonie,2009,525166.0,91000334.0,1565409.0,372439.0,15558452778.0,2276693.0
Estonie,2010,624009.0,91207739.0,1860038.0,376122.0,14530746667.0,2584043.0
Estonie,2011,624893.0,120120833.0,1862674.0,374632.0,1027761997.0,2600840.0
Estonie,2012,649214.0,151944872.0,2070547.0,327652.0,936984615.0,2747706.0
Estonie,2013,502845.0,121391093.0,2055234.0,301581.0,863474667.0,2717623.0
Estonie,2014,428587.0,117684933.0,2062864.0,284651.0,799835591.0,2718524.0
Estonie,2015,397576.0,100777778.0,1903545.0,270535.0,684397580.0,2558209.0
Estonie,2016,358215.0,103777778.0,1897921.0,202519.0,651318727.0,2497035.0
Estonie,2017,337549.0,90449438.0,1904425.0,182884.0,673229429.0,2497596.0
Estonie,2018,337663.0,94705882.0,1924034.0,161052.0,732233240.0,2506726.0
Finlande,2005,368560.0,,5384572.0,2276029.0,,8834801.0
Finlande,2006,453600.0,,5670000.0,2026000.0,,9125200.0
Finlande,2007,550000.0,,6040000.0,1763000.0,,9420100.0
Finlande,2008,710000.0,,6830000.0,1655000.0,,9967000.0
Finlande,2009,770000.0,,7700000.0,1428000.0,,10694000.0
Finlande,2010,790000.0,,8390000.0,1252000.0,5160000000.0,11201000.0
Finlande,2011,910000.0,833333333.0,8940000.0,1077000.0,5256944444.0,11655000.0
Finlande,2012,930000.0,730769231.0,9190000.0,891000.0,4679487179.0,11768000.0
Finlande,2013,790000.0,753333333.0,9200000.0,754000.0,4660000000.0,11674000.0
Finlande,2014,770000.0,800000000.0,9280000.0,641000.0,4586666667.0,11679000.0
Finlande,2015,750000.0,755555556.0,9330000.0,544000.0,3766666667.0,11602000.0
Finlande,2016,730000.0,655555556.0,9340000.0,457000.0,3866666667.0,11509000.0
Finlande,2017,710000.0,683146067.0,9390000.0,378000.0,3908988764.0,11478000.0
Finlande,2018,690000.0,952941176.0,9380000.0,323000.0,4091764706.0,11440000.0
France,2005,17561000.0,7927331975.0,48088000.0,33106087.0,62156250000.0,90659687.0
France,2006,18102000.0,8769129763.0,51662000.0,31597690.0,62275000000.0,95978003.0
France,2007,19028000.0,8410958904.0,55337000.0,28737589.0,70569863014.0,99624589.0
France,2008,18736000.0,9601268368.0,57994000.0,26345636.0,78985294118.0,102064636.0
France,2009,18805000.0,8193620890.0,61540000.0,23995061.0,73612500000.0,105295061.0
France,2010,18626000.0,8551368766.0,65030000.0,21649159.0,71377333333.0,107913159.0
France,2011,19560000.0,10130858992.0,68570000.0,19511963.0,72633333333.0,110818963.0
France,2012,18244000.0,9480351290.0,73114000.0,17373948.0,64293589744.0,114474948.0
France,2013,15665000.0,9668312687.0,76800000.0,15586710.0,62929333333.0,117330710.0
France,2014,14517000.0,9389161246.0,79932000.0,14053651.0,61737333333.0,119960651.0
France,2015,12566000.0,8700863139.0,82666000.0,12685878.0,51085555556.0,122219878.0
France,2016,11378000.0,9881293809.0,84702000.0,11483026.0,50500000000.0,123865026.0
France,2017,10261000.0,10737496739.0,89488000.0,10364521.0,50611235955.0,128611521.0
France,2018,9092013.0,11510210745.0,93867215.0,9073267.0,52023529412.0,132037482.0
Grèce,2005,8338521.0,901250000.0,12448473.0,5518683.0,9798750000.0,18123716.0
Grèce,2006,9599333.0,1006250000.0,13874674.0,5394835.0,10623750000.0,19778590.0
Grèce,2007,11471385.0,1773972603.0,16226675.0,5301469.0,11797260274.0,22612259.0
Grèce,2008,13810782.0,2016176471.0,18918092.0,5212384.0,12276470588.0,25637090.0
Grèce,2009,15715011.0,1870833333.0,20298102.0,5159227.0,11002777778.0,27373959.0
Grèce,2010,10305890.0,1426666667.0,14815705.0,5049201.0,9460000000.0,22117559.0
Grèce,2011,10182066.0,1308333333.0,14557672.0,4828613.0,9195833333.0,21850567.0
Grèce,2012,10769863.0,934615385.0,15151447.0,4544627.0,7901282051.0,22385502.0
Grèce,2013,11443633.0,1044000000.0,15722476.0,4410254.0,7277333333.0,23045912.0
Grèce,2014,11257104.0,1229333333.0,15473683.0,4361965.0,6478026667.0,22991719.0
Grèce,2015,11141878.0,742222222.0,15353553.0,4274380.0,4877094444.0,23066967.0
Grèce,2016,11715272.0,991583080.0,15934294.0,3766436.0,4894097121.0,23317435.0
Grèce,2017,11906133.0,575159301.0,16167273.0,3241292.0,4960673638.0,23203975.0
Grèce,2018,11017923.0,603929026.0,15354388.0,2917766.0,5009066595.0,22236756.0
Hongrie,2005,6337715.0,638412717.0,9320169.0,3000628.0,5099473895.0,12960302.0
Hongrie,2006,6442402.0,635445316.0,9965720.0,3418875.0,5008818832.0,14349979.0
Hongrie,2007,6886586.0,668895801.0,11029930.0,3298623.0,5778946305.0,15724165.0
Hongrie,2008,7483601.0,711249794.0,12224163.0,3141780.0,5819676230.0,17083638.0
Hongrie,2009,6681278.0,951295540.0,11792475.0,3068685.0,4537289410.0,16741386.0
Hongrie,2010,6464961.0,676233742.0,12011823.0,2325202.0,4276124039.0,16394843.0
Hongrie,2011,5797909.0,699373542.0,11689937.0,2139174.0,4422447193.0,16020403.0
Hongrie,2012,5508219.0,,11579425.0,1959292.0,3957007088.0,15819806.0
Hongrie,2013,5346588.0,,11590326.0,1786260.0,3708335738.0,15777731.0
Hongrie,2014,5294000.0,,11796000.0,1377394.0,3784659198.0,15753931.0
Hongrie,2015,5044000.0,,11865000.0,956449.0,3243784445.0,15540243.0
Hongrie,2016,4712890.0,,11792748.0,516399.0,3290273066.0,15123670.0
Hongrie,2017,4206000.0,,11761000.0,436820.0,3425281493.0,15154405.0
Hongrie,2018,3940000.0,,11831338.0,270082.0,3602394434.0,15180969.0
Irlande,2005,3201855.0,673750000.0,4213436.0,1726771.0,4898039408.0,6214307.0
Irlande,2006,3539845.0,589934710.0,4631197.0,1739390.0,5356765741.0,6889616.0
Irlande,2007,3707887.0,627319556.0,4970719.0,1741396.0,6214211542.0,7479851.0
Irlande,2008,3747017.0,758599951.0,5048127.0,1685604.0,6641386395.0,7630077.0
Irlande,2009,3432181.0,613961197.0,5154289.0,1596968.0,5611656688.0,7713005.0
Irlande,2010,3396961.0,591200000.0,5273313.0,1515279.0,5155632140.0,7808556.0
Irlande,2011,3451216.0,620138889.0,5499790.0,1423521.0,5310590856.0,7994087.0
Irlande,2012,3254925.0,1031312374.0,5460507.0,1355551.0,4151235936.0,7928140.0
Irlande,2013,3203515.4,732522028.0,5626398.0,1340742.0,4206306247.0,8156352.0
Irlande,2014,3050538.0,754676537.0,5820829.0,1308478.0,4030623057.0,8388065.0
Irlande,2015,2830874.0,619320897.0,5765765.0,1235310.0,3381018700.0,8310414.0
Irlande,2016,2747205.0,628128333.0,5892448.0,1202404.0,3416395426.0,8455047.0
Irlande,2017,2684511.0,740087098.0,6020694.0,1157862.0,3551950996.0,8577348.0
Irlande,2018,2615109.0,,6282346.0,1105914.0,4152441364.0,8818420.0
Islande,2005,132907.0,75533552.0,304001.0,150685.0,463872937.0,532703.0
Islande,2006,143911.0,48378918.0,322840.0,146932.0,471383625.0,557510.0
Islande,2007,135157.0,116097634.0,326098.0,147663.0,578599762.0,571698.0
Islande,2008,141241.0,78800564.0,336922.0,153129.0,275517725.0,593748.0
Islande,2009,145310.0,27947112.0,339715.0,146914.0,187206250.0,593701.0
Islande,2010,158478.0,34749917.0,341077.0,142482.0,205487057.0,592771.0
Islande,2011,159129.0,33804103.0,344085.0,136574.0,225317147.0,592243.0
Islande,2012,164492.0,39085427.0,352114.0,133276.0,213280719.0,598810.0
Islande,2013,160583.0,45344307.0,356264.0,124544.0,226711625.0,598275.0
Islande,2014,162710.0,40711490.0,370047.0,121308.0,248320114.0,611272.0
Islande,2015,162141.0,38448257.0,383919.0,117746.0,223763511.0,626101.0
Islande,2016,170089.0,57058893.0,401613.0,106805.0,234652147.0,636441.0
Islande,2017,168759.0,68867332.0,410662.0,96433.0,255824919.0,640669.0
Islande,2018,175778.0,69727993.0,424720.0,75716.0,244045116.0,636992.0
Israël,2005,,,7757000.0,2475785.0,,11462411.0
Israël,2006,2290025.0,,8403765.0,2613657.0,,12437779.0
Israël,2007,2274144.0,,8982731.0,2458948.0,,13020844.0
Israël,2008,2445231.0,,9266448.0,2851690.0,,13784721.0
Israël,2009,2616318.0,922057717.0,9550164.0,3264532.0,6515310565.0,14570996.0
Israël,2010,2603834.0,968900222.0,9550164.0,3264532.0,7325356788.0,14632696.0
Israël,2011,2591349.0,1012203025.0,9791022.0,2004862.0,8153211803.0,13674884.0
Israël,2012,2591349.0,803886010.0,9791022.0,2087316.0,6812563389.0,13831338.0
Israël,2013,2591349.10327456,649584488.0,9791022.0,2169770.0,6478980609.0,13984792.0
Israël,2014,,696648045.0,9999000.0,2206000.0,6233289665.0,14282000.0
Israël,2015,,721336761.0,10369000.0,2181000.0,5498650643.0,14723000.0
Israël,2016,,,10326000.0,,5290337240.0,14770051.0
Israël,2017,,,10659000.0,,5334645278.0,15240000.0
Israël,2018,,,10830000.0,,5138658774.0,15445574.0
Italie,2005,65731770.0,8609275875.0,71838000.0,24008100.0,58063750000.0,102742796.0
Italie,2006,72696064.0,8443750000.0,80416000.0,22666486.0,58828750000.0,111475486.0
Italie,2007,80604390.0,9812328767.0,90135922.0,22850079.0,63208219178.0,123117543.0
Italie,2008,80264112.0,9836764706.0,90341160.0,22556587.0,66479411765.0,124180747.0
Italie,2009,77046473.0,8641666667.0,90032886.0,24091642.0,60833333333.0,126205759.0
Italie,2010,79085236.0,8200000000.0,93666088.0,23930142.0,56208000000.0,130654829.0
Italie,2011,79736335.0,8345833333.0,97290853.0,23457295.0,56372222222.0,134266091.0
Italie,2012,78789757.0,8097504265.0,98603231.0,22981324.0,49507692308.0,135347275.0
Italie,2013,77647921.488,7929368080.0,98814024.0,22197351.0,46258602221.0,135017341.0
Italie,2014,75716830.0,8182858270.0,97519307.0,21521294.0,43204999759.0,133380810.0
Italie,2015,74621563.0,8098816201.0,96887129.0,21119193.0,35348441921.0,132999527.0
Italie,2016,73423928.0,7826562348.0,98182991.0,20974710.0,35463667876.0,134650396.0
Italie,2017,71755865.0,8071120924.0,100162608.0,21231336.0,36203989833.0,137926999.0
Italie,2018,71075209.0,9892650871.0,103638887.0,20772008.0,37148308391.0,141479920.0
Japon,2005,2725848.0,18930058066.0,96483732.0,58053419.0,132042397024.0,176921989.0
Japon,2006,2494138.0,21036827171.0,101698165.0,55164571.0,129867583835.0,182607444.0
Japon,2007,2109366.0,18486794055.0,107338974.0,51232022.0,129989808917.0,186874248.0
Japon,2008,1540932.0,23548935759.0,112050077.0,47299410.0,139372097523.0,189466993.0
Japon,2009,1098665.0,25322218660.0,112182922.0,43338640.0,151952548894.0,187176334.0
Japon,2010,1257500.0,16935520620.0,119535344.0,39568111.0,152292093871.0,193127241.0
Japon,2011,1370460.0,17982708934.0,128204758.0,35953256.0,166286179677.0,199030890.0
Japon,2012,1258211.0,17982203284.0,136043361.0,32743625.0,162364958015.0,204058637.0
Japon,2013,1047752.0,16427254098.0,144014699.0,30042234.0,139737704918.0,209854742.0
Japon,2014,926403.0,9584670568.0,152697747.0,27733001.0,129227864829.0,217062539.0
Japon,2015,754783.0,9881031064.0,156562122.0,25078411.0,115946794448.0,219336384.0
Japon,2016,599400.0,11018475963.0,163496760.0,22983971.0,130399852928.0,225353779.0
Japon,2017,518460.0,9756619417.0,170192035.0,21354067.0,125022733351.0,231030649.0
Japon,2018,443439.0,9911247962.0,177816158.0,19957340.0,0.0,237841509.0
Lettonie,2005,,,,,,60770.0
Lettonie,2006,,,,,,109674.0
Lettonie,2007,,,,,,338559.0
Lettonie,2008,,,,,,412108.0
Lettonie,2009,,,,,,436966.0
Lettonie,2010,,,,,,434655.0
Lettonie,2011,,,,,,455220.0
Lettonie,2012,1218000.0,102564103.0,2631000.0,392106.0,,3493654.0
Lettonie,2013,1045000.0,86666667.0,2580000.0,308500.0,,3381515.0
Lettonie,2014,979802.0,150666667.0,2384000.0,400809.0,705910143.0,3289650.0
Lettonie,2015,845850.0,108888889.0,2590000.0,395602.0,597757803.0,3495135.0
Lettonie,2016,764119.0,97777778.0,2625744.0,362940.0,590388951.0,3507838.0
Lettonie,2017,609956.0,75430199.0,2769740.0,342296.0,611030646.0,3638153.0
Lettonie,2018,586889.0,91357082.0,2799054.0,266214.0,625850569.0,3591316.0
Lituanie,2005,2887716.0,345979772.0,4353447.0,756276.0,3144434740.0,5343804.0
Lituanie,2006,3160118.0,437739317.0,4718215.0,722249.0,3370300828.0,5809179.0
Lituanie,2007,3260289.0,642797407.0,4921077.0,727724.0,4074614890.0,6156373.0
Lituanie,2008,3248753.0,551631561.0,5022638.0,711470.0,4595289032.0,6324211.0
Lituanie,2009,3047252.0,415901512.0,4961499.0,670981.0,4003800791.0,6266259.0
Lituanie,2010,2873219.0,427604224.0,4890979.0,641539.0,3431345367.0,6216575.0
Lituanie,2011,2765481.0,499940892.0,4938000.0,604895.0,3326011459.0,6274829.0
Lituanie,2012,2711033.0,340769130.0,4997265.0,561202.0,2913410840.0,6331191.0
Lituanie,2013,2096601.0,399038187.0,4494113.0,507458.0,2859893915.0,5765981.0
Lituanie,2014,1803893.0,378818872.0,4264592.0,461486.0,2793310348.0,5527941.0
Lituanie,2015,1636272.0,87647927.0,4184053.0,422737.0,628616733.0,5440088.0
Lituanie,2016,1527680.0,108707971.0,3600115.0,385805.0,657603161.0,4843681.0
Lituanie,2017,1432007.0,86449488.0,3700256.0,344473.0,689177823.0,4843498.0
Lituanie,2018,1335878.0,95008205.0,3764670.0,274421.0,738475715.0,4827834.0
Luxembourg,2005,419200.0,55897500.0,719500.0,244400.0,566925000.0,1031257.0
Luxembourg,2006,372000.0,87500000.0,714000.0,245300.0,612250000.0,1058580.0
Luxembourg,2007,310000.0,109452055.0,684000.0,254400.0,675616438.0,1067660.0
Luxembourg,2008,279000.0,129117647.0,707000.0,260400.0,743529412.0,1111166.0
Luxembourg,2009,260000.0,135833333.0,720000.0,264400.0,702361111.0,1129800.0
Luxembourg,2010,230000.0,122400000.0,727000.0,268000.0,661680000.0,1150892.0
Luxembourg,2011,236000.0,159027778.0,765000.0,274000.0,710305556.0,1202617.0
Luxembourg,2012,236000.0,170769231.0,761500.0,236000.0,718589744.0,1168151.0
Luxembourg,2013,224500.0,201600000.0,788500.0,218500.0,760000000.0,1184300.0
Luxembourg,2014,210000.0,208133333.0,883000.0,270740.0,712933333.0,1341340.0
Luxembourg,2015,193000.0,146111111.0,906000.0,276630.0,597777778.0,1382830.0
Luxembourg,2016,104000.0,124777778.0,894600.0,276400.0,610444444.0,1374100.0
Luxembourg,2017,99000.0,116966292.0,932000.0,275500.0,631910112.0,1421808.0
Luxembourg,2018,77000.0,94823529.0,951800.0,273500.0,677176471.0,1449500.0
Mexique,2005,43860561.0,3512609941.0,47128746.0,19512148.0,22297444895.0,67702682.0
Mexique,2006,51091577.0,3698949849.0,55395461.0,19861380.0,26045590102.0,77101276.0
Mexique,2007,61360877.0,3272417644.0,66559462.0,19997941.0,29093714102.0,89468787.0
Mexique,2008,69118299.0,3648119487.0,75368507.0,20491430.0,30230071076.0,100133563.0
Mexique,2009,72997624.0,2891460017.0,83219086.0,19642590.0,27198130054.0,111968809.0
Mexique,2010,78287518.0,5673033866.0,90467974.0,20115904.0,30286369343.0,120908388.0
Mexique,2011,80488243.0,4985302084.0,94583253.0,19996800.0,31824020398.0,125462153.0
Mexique,2012,85743048.0,,101360558.0,20587800.0,,133560924.0
Mexique,2013,90399443.0,4761037442.0,106748021.0,19318472.0,31260476860.0,138488667.0
Mexique,2014,89075691.0,3638222653.0,104948339.0,19436314.0,32945885979.0,137203581.0
Mexique,2015,90647027.0,4605550716.0,107688282.0,19615886.0,28245982735.0,141903019.0
Mexique,2016,93936401.0,4558959529.0,111730635.0,19985434.0,24539219378.0,147640040.0
Mexique,2017,94840804.0,3247846028.0,114329353.0,19950121.0,24681862503.0,151280588.0
Mexique,2018,100099672.0,3002896668.0,120173510.0,20999933.0,25710906030.0,159533015.0
Norvège,2005,1735766.0,575931677.0,4754453.0,1931480.0,4754037267.0,7731522.0
Norvège,2006,1613537.0,639625585.0,5007746.0,1668901.0,4851170047.0,7927546.0
Norvège,2007,1406161.0,682593857.0,5173367.0,1509887.0,5336348123.0,8101554.0
Norvège,2008,1422196.0,709219858.0,5211207.0,1384481.0,5640780142.0,8145663.0
Norvège,2009,1432038.0,,5354554.0,1246887.0,5324380032.0,8271575.0
Norvège,2010,1290389.0,,5371252.0,1132092.0,5578961575.0,8226699.0
Norvège,2011,1358424.0,,5547353.0,1025694.0,5884221817.0,8358633.0
Norvège,2012,1326722.0,1338542612.0,5613228.0,911797.0,5690165710.0,8377830.0
Norvège,2013,1304469.0,1437975340.0,5692052.0,780743.0,5714949434.0,8383515.0
Norvège,2014,1259127.0,1427767460.0,5737961.0,668858.0,5356373268.0,8383948.0
Norvège,2015,1144623.0,1244447270.0,5714890.0,569669.0,4197669009.0,8335019.0
Norvège,2016,1023452.0,1342999643.0,5729569.0,485264.0,4074609658.0,8321808.0
Norvège,2017,889055.0,1319827207.0,5719665.0,407775.0,4170020085.0,8292661.0
Norvège,2018,755243.0,1356246740.0,5720892.0,328681.0,4173245985.0,8256092.0
Nouvelle-Zélande,2005,2460620.0,514537678.0,3530000.0,1847000.0,3749295775.0,5751000.0
Nouvelle-Zélande,2006,2595100.0,596103896.0,3803000.0,1851000.0,3194805195.0,6144067.0
Nouvelle-Zélande,2007,2877540.0,786764706.0,4200000.0,1854000.0,3602941176.0,6811132.0
Nouvelle-Zélande,2008,3096334.0,834507042.0,4600000.0,1861000.0,3464788732.0,7375961.0
Nouvelle-Zélande,2009,3104365.0,1059375000.0,4700000.0,1856000.0,3081250000.0,7584556.0
Nouvelle-Zélande,2010,3161925.0,1111510791.0,5000000.0,1789000.0,3568345324.0,7916633.0
Nouvelle-Zélande,2011,3168118.0,972440945.0,5200000.0,1774063.0,3960629921.0,8184577.0
Nouvelle-Zélande,2012,3200000.0,1032520325.0,5400000.0,1759125.0,4268292683.0,8464928.0
Nouvelle-Zélande,2013,3000000.0,1295081967.0,5300000.0,1729406.0,4270491803.0,8397282.0
Nouvelle-Zélande,2014,3370000.0,1396694215.0,5600000.0,1539000.0,4272727273.0,8560621.0
Nouvelle-Zélande,2015,3490000.0,1237762238.0,5800000.0,1232000.0,3573426573.0,8505146.0
Nouvelle-Zélande,2016,3700000.0,1105555556.0,6100000.0,1221000.0,3666666667.0,8875206.0
Nouvelle-Zélande,2017,3860000.0,1119148936.0,6400000.0,1271000.0,3808510638.0,9293992.0
Nouvelle-Zélande,2018,3720000.0,1142758621.0,6400000.0,1073000.0,3736551724.0,9135090.0
OCDE - Total,2005,405270212.0,173414549000.0,973111634.0,539902152.0,1178831541897.0,1675245539.0
OCDE - Total,2006,482251231.0,196214280000.0,1079758304.0,524163359.0,1184401400450.0,1807787966.0
OCDE - Total,2007,543220049.0,202016255000.0,1187711576.0,504331074.0,1297432120376.0,1932501728.0
OCDE - Total,2008,570322241.0,206184915000.0,1263250076.0,480527829.0,1364448182656.0,2011159556.0
OCDE - Total,2009,574182013.0,177850929000.0,1303979032.0,450428005.0,1297384678522.0,2044255998.0
OCDE - Total,2010,576842079.0,175800703000.0,1349302211.0,427123300.0,1313517325079.0,2086077640.0
OCDE - Total,2011,598541915.0,191680373673.0,1409011863.0,402797884.0,1369169762289.0,2136338551.0
OCDE - Total,2012,525514365.0,191948869505.0,1453004532.0,379095410.0,1312223873555.0,2169566505.0
OCDE - Total,2013,517051213.003071,202557508913.0,1480497848.0,352736659.0,1312527811698.0,2183245099.0
OCDE - Total,2014,503329050.0,193300446161.0,1551624992.0,325963373.0,1323718350223.0,2239581839.0
OCDE - Total,2015,565093437.0,186240146447.0,1592561557.0,304729287.0,1237649676323.0,2275351432.0
OCDE - Total,2016,554834716.0,191530814693.0,1648559965.0,288252213.0,1267819378087.0,2329314214.0
OCDE - Total,2017,543314402.0,196926446865.0,1683934819.00299,268105392.0,1259587863457.0,2358324056.00299
OCDE - Total,2018,532837811.0,202431898369.0,1742750565.0,250996275.99968,1286608199328.0,2412618089.99968
Pays-Bas,2005,12028000.0,2702270229.0,16289000.0,5942000.0,18993000000.0,26345573.0
Pays-Bas,2006,9381900.0,3306065853.0,17058000.0,5776720.0,19202000000.0,27899720.0
Pays-Bas,2007,8171000.0,3754330077.0,18453000.0,6165720.0,18409805479.0,30236622.0
Pays-Bas,2008,8393000.0,4171278278.0,20627000.0,5422000.0,21011852941.0,31904000.0
Pays-Bas,2009,7628000.0,4072607643.0,20682000.0,4804000.0,19636266667.0,31616000.0
Pays-Bas,2010,6357000.0,3909703337.0,20627000.0,4080000.0,18679325333.0,31036000.0
Pays-Bas,2011,6252000.0,4072607643.0,21848000.0,3556000.0,19285916667.0,31902000.0
Pays-Bas,2012,5420000.0,3473718973.0,21681000.0,2486000.0,15642623098.0,30821000.0
Pays-Bas,2013,4815000.0,5636464000.0,21500000.0,2041000.0,17537764713.0,30335000.0
Pays-Bas,2014,4037000.0,3749080760.0,22547000.0,1696000.0,16135724000.0,31094000.0
Pays-Bas,2015,3655000.0,2587111367.0,23590000.0,1368000.0,12989662222.0,31949000.0
Pays-Bas,2016,3358000.0,2633476667.0,26018000.0,1108000.0,12024118889.0,34348000.0
Pays-Bas,2017,2910000.0,2547762921.0,25550000.0,904000.0,11879591011.0,33743000.0
Pays-Bas,2018,1981000.0,2643440000.0,27087000.0,699000.0,11593591765.0,35192000.0
Pologne,2005,18812776.0,2085582903.0,29166391.0,11740860.0,11442624437.0,41828003.0
Pologne,2006,24318517.0,2598183600.0,36745454.0,11394066.0,12915052804.0,50876443.0
Pologne,2007,26684062.0,3112956524.0,41388774.0,10299766.0,15152770770.0,54986240.0
Pologne,2008,24466002.0,3057772412.0,43926365.0,9453928.0,17883876791.0,57375751.0
Pologne,2009,23419352.0,2559526082.0,44806632.0,8493021.0,13849277471.0,58861565.0
Pologne,2010,24022111.0,2471537083.0,46976572.0,7685049.0,14307862818.0,60823267.0
Pologne,2011,26400311.0,2340991182.0,50146101.0,6858441.0,14597887064.0,63613397.0
Pologne,2012,29259705.0,1994547870.0,54086209.0,6350410.0,13292052858.0,67471516.0
Pologne,2013,30632716.0,2151024368.0,56972803.0,5846273.0,12741094672.0,69744245.0
Pologne,2014,30815614.0,2136624690.0,56905306.0,4823098.0,12595951953.0,68651294.0
Pologne,2015,27610369.0,1715281105.0,54546230.0,4319020.0,10518063581.0,66027159.0
Pologne,2016,22902371.0,,53001776.0,3940713.0,10071412060.0,63984959.0
Pologne,2017,17797277.0,,50458854.0,3463170.0,10441551010.0,60975357.0
Pologne,2018,13543649.0,,48285511.0,2864497.0,10850194569.0,58911118.0
Portugal,2005,9211786.0,915880575.0,11368494.0,3572535.0,9218125504.0,16107179.0
Portugal,2006,9760816.0,969323735.0,12236104.0,3435848.0,9222550469.0,17095639.0
Portugal,2007,10341344.0,1670271246.0,13477414.0,3231455.0,10632547945.0,18222183.0
Portugal,2008,11080118.0,1468299955.0,14953227.0,2970220.0,11332604412.0,19616706.0
Portugal,2009,11702094.0,1464595517.0,16051044.0,2786569.0,10497329167.0,20771054.0
Portugal,2010,11879544.0,1435721005.0,16473690.0,2651593.0,10132965333.0,21268841.0
Portugal,2011,12066059.0,1249601497.0,16794499.0,2519310.0,9065269444.0,21567054.0
Portugal,2012,12032023.0,991875500.0,16827910.0,2345759.0,8483467949.0,21568123.0
Portugal,2013,11368124.0,989326816.0,16665949.0,2214434.0,8361841333.0,21448411.0
Portugal,2014,9562667.0,820828905.0,16731949.0,2058442.0,7694884000.0,21648167.0
Portugal,2015,8502881.0,697134593.0,16790405.0,1906957.0,6364621111.0,21839550.0
Portugal,2016,8302184.0,676892171.0,17079569.0,1698296.0,6501200000.0,22153462.0
Portugal,2017,8252493.0,727483322.0,17451924.0,1474658.0,6632064045.0,22501220.0
Portugal,2018,7236189.0,712216546.0,17541568.0,1231779.0,6915676471.0,22558031.0
Royaume-Uni,2005,43064148.0,18779037471.0,65681261.0,31087899.0,71471593333.0,106665802.0
Royaume-Uni,2006,45518728.0,17695786432.0,70137144.0,30645641.0,75772300648.0,113795715.0
Royaume-Uni,2007,47466048.0,18933938191.0,74319198.0,30575292.0,82921186821.0,120499354.0
Royaume-Uni,2008,47482741.0,10775740741.0,77490937.0,30345345.0,89393948816.0,125107793.0
Royaume-Uni,2009,47605201.0,8020312500.0,80581053.0,30015403.0,72834382423.0,128950826.0
Royaume-Uni,2010,44798118.0,7896923077.0,81476397.0,30292622.0,68977870705.0,131381841.0
Royaume-Uni,2011,42382669.0,8279032258.0,82162029.0,30246808.0,69110967334.0,133136716.0
Royaume-Uni,2012,39596983.0,,83054665.0,30404060.0,64757864404.0,135295360.0
Royaume-Uni,2013,35880703.6143544,,82671131.0,30648829.0,60850540372.0,136076520.0
Royaume-Uni,2014,34321997.0,,83663412.0,30915102.0,61783648701.0,138288797.0
Royaume-Uni,2015,33445521.0,,85263010.0,31235074.0,57163797022.0,141161193.0
Royaume-Uni,2016,29467818.0,,83909810.0,31363375.0,50723485083.0,140746804.0
Royaume-Uni,2017,27561623.0,,84097571.0,31182800.0,47304277280.0,141323802.0
Royaume-Uni,2018,25915331.0,,83997855.0,31919894.0,45120487329.0,142503859.0
République slovaque,2005,2392884.0,420303721.0,4540374.0,1197044.0,1856510133.0,5871318.0
République slovaque,2006,2381788.0,440384694.0,4893232.0,1167390.0,1948877844.0,6303879.0
République slovaque,2007,3096881.0,530112592.0,6068063.0,1150763.0,2532066459.0,7590881.0
République slovaque,2008,2307227.0,570643812.0,5845696.0,1097807.0,3150793475.0,7490818.0
République slovaque,2009,1979141.0,542616921.0,5497719.0,1013365.0,2949142242.0,7286140.0
République slovaque,2010,2140085.0,478761769.0,5925012.0,889792.0,2641651680.0,7691757.0
République slovaque,2011,1929921.0,520061399.0,5983059.0,820923.0,2707198490.0,7757080.0
République slovaque,2012,1859802.0,263046901.0,6094466.0,729482.0,2397814492.0,7869438.0
République slovaque,2013,1831444.0,299364792.0,6208412.0,704921.0,2362109143.0,8022393.0
République slovaque,2014,1823330.0,420593433.0,6378095.0,616471.0,2251838436.0,8185782.0
République slovaque,2015,1889334.0,348770432.0,6675553.0,522639.0,1843857269.0,8472004.0
République slovaque,2016,2041848.0,392060109.0,6989902.0,426171.0,1871510556.0,8752614.0
République slovaque,2017,2195428.0,426321116.0,7117753.0,371269.0,1870349329.0,8893773.0
République slovaque,2018,2104043.0,418600742.0,7241702.0,324020.0,2005728039.0,9073720.0
Slovénie,2005,772823.0,236839635.0,1759232.0,744345.0,1189920298.0,2698400.0
Slovénie,2006,734775.0,311388959.0,1819572.0,721355.0,1310528293.0,2816712.0
Slovénie,2007,748402.0,497465560.0,1928412.0,662767.0,1513339433.0,2923814.0
Slovénie,2008,729077.0,590081278.0,2054889.0,643710.0,1821383056.0,3118526.0
Slovénie,2009,668606.0,257655500.0,2100435.0,558300.0,1769967607.0,3100257.0
Slovénie,2010,635590.0,213686878.0,2121950.0,489630.0,1491835430.0,3082101.0
Slovénie,2011,627472.0,178623013.0,2168548.0,424308.0,1692020534.0,3087223.0
Slovénie,2012,636401.0,227208895.0,2241160.0,362304.0,1553860177.0,3112796.0
Slovénie,2013,620057.0,206063842.0,2283573.0,302794.0,1431651949.0,3110977.0
Slovénie,2014,613704.0,241195496.0,2326386.0,249780.0,1423827513.0,3127174.0
Slovénie,2015,578791.0,211073857.0,2353926.0,210138.0,1204823831.0,3128038.0
Slovénie,2016,550552.0,232765459.0,2385757.0,176462.0,1197015136.0,3146682.0
Slovénie,2017,534097.0,277748632.0,2443172.0,143603.0,1270049731.0,3184134.0
Slovénie,2018,498713.0,303146509.0,2465857.0,122121.0,1275402545.0,3196330.0
Suisse,2005,2808411.0,1623764000.0,6834233.0,3831019.0,12916800000.0,12454081.0
Suisse,2006,3102594.0,5189576000.0,7436157.0,3759661.0,13040760000.0,13259936.0
Suisse,2007,3558653.0,1992272500.0,8208884.0,3698132.0,14315856667.0,14345144.0
Suisse,2008,3895657.0,2109656481.0,8896706.0,3634891.0,16091998148.0,15055246.0
Suisse,2009,4057856.0,2102931193.0,9322580.0,3494419.0,16016523853.0,15595950.0
Suisse,2010,4221556.0,2073250000.0,9644157.0,3261186.0,16877715385.0,15881315.0
Suisse,2011,4232784.0,2699593258.0,10082636.0,3141204.0,19478083146.0,16393395.0
Suisse,2012,4280129.0,3478295745.0,10561075.0,2989639.0,18781468085.0,16929428.0
Suisse,2013,4192525.0,3127553763.0,10828694.0,2847777.0,19129819355.0,17328528.0
Suisse,2014,4818491.0,3660790217.0,11687654.0,2716652.0,20118710870.0,18162409.0
Suisse,2015,4180377.0,3228432969.0,11283399.0,2590734.0,19261442031.0,17714108.0
Suisse,2016,3906436.0,3242572494.0,11240971.0,2329634.0,18531456411.0,17395700.0
Suisse,2017,3525968.0,2998436602.0,11088598.0,1542830.0,18472252625.0,16607862.0
Suisse,2018,2890055.0,2853730481.0,10808148.0,1233299.0,18872364658.0,15978730.0
Suède,2005,4638459.0,,9103505.0,5376836.0,6666654411.0,16356341.0
Suède,2006,4692726.0,1381842818.0,9606661.0,5076868.0,6607645864.0,17064229.0
Suède,2007,4496329.0,1582544379.0,10116852.0,4785328.0,7337486656.0,17668194.0
Suède,2008,4406879.0,1470257967.0,10891660.0,4470735.0,7521298506.0,18267395.0
Suède,2009,4531686.0,1189673203.0,11750105.0,4036815.0,6560426787.0,18730920.0
Suède,2010,4650909.0,973925104.0,12691619.0,3574064.0,7165737100.0,19262683.0
Suède,2011,4544624.0,1462865948.0,13387910.0,3166639.0,8025635713.0,19578549.0
Suède,2012,4365208.0,1419174041.0,13947534.0,2732551.0,7632257094.0,19750085.0
Suède,2013,4478323.0,1495545315.0,14424085.0,2355344.0,7922448940.0,19926429.0
Suède,2014,4025648.0,1584693878.0,14525783.0,2009268.0,7585436195.0,19816051.0
Suède,2015,4128201.0,1481376038.0,14823062.0,1703998.0,6175612159.0,20024410.0
Suède,2016,3790814.0,1835163551.0,14671182.0,1435411.0,6233883446.0,19785999.0
Suède,2017,3392762.0,2047251462.0,14381190.0,1148065.0,6301239871.0,19395608.0
Suède,2018,3222772.0,1781933257.0,14316905.0,888880.0,5838200736.0,19179407.0
Tchéquie,2005,7833756.0,575654007.0,11775878.0,2868830.0,4881562563.0,15305708.0
Tchéquie,2006,7451645.0,627015619.0,12406199.0,2548378.0,5395686593.0,16091335.0
Tchéquie,2007,7380865.0,782848694.0,13228631.0,2492963.0,6849482504.0,17223014.0
Tchéquie,2008,7294012.0,877152900.0,13805466.0,2380341.0,8429584066.0,17955491.0
Tchéquie,2009,7206875.0,763168940.0,14258404.0,2119855.0,7008447009.0,18414369.0
Tchéquie,2010,7100000.0,792931937.0,14390000.0,1630000.0,6664921466.0,18281979.0
Tchéquie,2011,6620000.0,826497175.0,14240000.0,1830000.0,6723163842.0,18566300.0
Tchéquie,2012,5357800.0,759797855.0,13862800.0,1594500.0,5943157293.0,18113700.0
Tchéquie,2013,5454800.0,722888804.0,13965000.0,1331300.0,5420084844.0,18098657.0
Tchéquie,2014,5055464.0,1041799940.0,13913075.0,819451.0,5010902524.0,17758389.0
Tchéquie,2015,4892907.0,590207979.0,14016622.0,818006.0,4637890196.0,17804654.0
Tchéquie,2016,4821205.0,685829629.0,13322688.0,617539.0,4686270918.0,17004518.0
Tchéquie,2017,4655896.0,648886976.0,13496301.0,533737.0,5011108521.0,17166603.0
Tchéquie,2018,4479730.0,735763153.0,13705387.0,477541.0,5385664225.0,17397329.0
Türkiye,2005,30600875.0,1428167181.0,43608965.0,18992521.0,12591427517.0,64131486.0
Türkiye,2006,42694895.0,1722516557.0,52662709.0,18846151.0,11287209410.0,74282545.0
Türkiye,2007,50237153.0,1906685525.0,61975807.0,18216271.0,14828317524.0,84587878.0
Türkiye,2008,52640000.0,2590502306.0,65824110.0,17519301.0,15663084340.0,89080030.0
Türkiye,2009,46910000.0,3744407044.0,62779554.0,16550926.0,13365858314.0,85716774.0
Türkiye,2010,42711772.0,2507200457.0,61769635.0,16218022.0,14119170677.0,85101269.0
Türkiye,2011,42279472.0,3353690676.0,65321745.0,15226327.0,16194458186.0,88139439.0
Türkiye,2012,41709890.0,3200860734.0,67680547.0,14425705.0,16724057836.0,89975220.0
Türkiye,2013,41465390.0,2874948432.0,69661108.0,13055994.0,16473051227.0,91110493.0
Türkiye,2014,40037521.0,2589148002.0,71888414.0,11917961.0,15371045353.0,92672736.0
Türkiye,2015,38181732.0,6351093376.0,73639261.0,10786636.0,14551400276.0,93930491.0
Türkiye,2016,36343215.0,2459467744.0,75061699.0,11077559.0,14977074338.0,96638950.0
Türkiye,2017,35717456.0,2234039225.0,77800170.0,11308444.0,14012896524.0,101033519.0
Türkiye,2018,34382665.0,1947012431.0,80117999.0,11633461.0,12221612707.0,105158686.0
États-Unis,2005,23430000.0,70760000000.0,203700000.0,167898490.0,457465000000.0,420073334.0
États-Unis,2006,36270000.0,79884000000.0,229619000.0,160270420.0,471681000000.0,450532289.0
États-Unis,2007,44710000.0,79717000000.0,249332000.0,151174614.0,491123000000.0,470562760.0
États-Unis,2008,46508552.0,80651000000.0,261284000.0,141019000.0,508672000000.0,479903095.0
États-Unis,2009,54582317.0,67262000000.0,274283000.0,126949000.0,505503000000.0,481225000.0
États-Unis,2010,58735750.0,70223000000.0,285118000.0,117884000.0,517507000000.0,487524000.0
États-Unis,2011,71593069.0,73531000000.0,297404000.0,106649000.0,539611000000.0,492370000.0
États-Unis,2012,,81038000000.0,304838000.0,96138000.0,556587000000.0,493488000.0
États-Unis,2013,,87240000000.0,305742000.0,85280000.0,558935000000.0,487053000.0
États-Unis,2014,,86631000000.0,355500000.0,72605000.0,588172000000.0,526350000.0
États-Unis,2015,75800000.0,84498000000.0,378000000.0,64566000.0,601970000000.0,544783000.0
États-Unis,2016,77500000.0,87659000000.0,396000000.0,58200000.0,627970000000.0,559914000.0
États-Unis,2017,77400000.0,94472000000.0,400000000.0,49700000.0,617045000000.0,557899000.0
États-Unis,2018,74000000.0,94997000000.0,421800000.0,42900000.0,630683000000.0,575565000.0
